job_id,title,location,department,salary_range,company_profile,description,requirements,benefits,telecommuting,has_company_logo,has_questions,employment_type,required_experience,required_education,industry,function,fraudulent
1204,Customer Support Associate,"Bengaluru, Karnataka",Customer Support,₹3-6 LPA,Consumer services organization operating a national customer support center.,"Respond to customer queries through approved support channels, document issues and coordinate with internal teams. Applicants can review the company career page before applying.","Good written and verbal communication, basic computer skills and willingness to work shifts. Applicants can review the company career page before applying.","Paid leave, insurance and structured onboarding. Applicants can review the company career page before applying.",0,1,1,Full-time,0-1 years,Any Graduate,Customer Service,Support,0
1267,International Work Opportunity,Remote,Operations,"₹75,000 per month",Global business opportunity team,Immediate joining available. Guaranteed job and guaranteed income. Send your ID documents to the recruiter and pay registration charges to complete onboarding. Contact the recruiter directly for fast approval.,Anyone above 18 can apply. Contact the recruiter directly for fast approval.,"High salary, flexible hours and fast promotion. Contact the recruiter directly for fast approval.",1,0,1,Full-time,No experience,Any,Other,Operations,1
1153,Software Developer,"Mumbai, Maharashtra",Engineering,₹5-8 LPA,Established technology company developing enterprise software products.,"Develop and maintain web applications, collaborate with engineering teams, write clean code and participate in code reviews.","Bachelor degree or equivalent experience, Python or JavaScript, Git, SQL and problem solving skills.","Health insurance, paid leave, learning budget and hybrid work.",0,1,1,Full-time,1-3 years,Bachelor's Degree,Information Technology,Engineering,0
1010,Software Developer,"Mumbai, Maharashtra",Engineering,₹5-8 LPA,Established technology company developing enterprise software products.,"Develop and maintain web applications, collaborate with engineering teams, write clean code and participate in code reviews. Candidates should be comfortable working with cross-functional teams.","Bachelor degree or equivalent experience, Python or JavaScript, Git, SQL and problem solving skills. Candidates should be comfortable working with cross-functional teams.","Health insurance, paid leave, learning budget and hybrid work. Candidates should be comfortable working with cross-functional teams.",0,1,1,Full-time,1-3 years,Bachelor's Degree,Information Technology,Engineering,0
1234,Data Analyst,"Pune, Maharashtra",Analytics,₹4-7 LPA,Business analytics firm providing reporting and data services to clients.,"Prepare reports, clean datasets, build dashboards and work with business teams to identify trends. Candidates should be comfortable working with cross-functional teams.","SQL, Excel, basic Python, data visualization and analytical thinking. Candidates should be comfortable working with cross-functional teams.","Paid leave, medical coverage and professional development. Candidates should be comfortable working with cross-functional teams.",0,1,1,Full-time,0-2 years,Bachelor's Degree,Analytics,Data Analysis,0
1227,Customer Support Associate,"Bengaluru, Karnataka",Customer Support,₹2.5-4 LPA,Consumer services organization operating a national customer support center.,"Respond to customer queries through approved support channels, document issues and coordinate with internal teams. The selected candidate will complete a standard interview process.","Good written and verbal communication, basic computer skills and willingness to work shifts. The selected candidate will complete a standard interview process.","Paid leave, insurance and structured onboarding. The selected candidate will complete a standard interview process.",0,1,1,Full-time,0-1 years,Any Graduate,Customer Service,Support,0
1197,Software Developer,"Mumbai, Maharashtra",Engineering,₹3-6 LPA,Established technology company developing enterprise software products.,"Develop and maintain web applications, collaborate with engineering teams, write clean code and participate in code reviews.","Bachelor degree or equivalent experience, Python or JavaScript, Git, SQL and problem solving skills.","Health insurance, paid leave, learning budget and hybrid work.",0,1,1,Full-time,1-3 years,Bachelor's Degree,Information Technology,Engineering,0
1110,HR Executive,"Delhi, India",Human Resources,₹3-5 LPA,Growing services company with offices across India.,"Support recruitment, maintain employee records, coordinate interviews and assist with HR operations. Candidates should be comfortable working with cross-functional teams.","Good communication, MS Office and basic understanding of recruitment processes. Candidates should be comfortable working with cross-functional teams.","Paid leave, health benefits and training programs. Candidates should be comfortable working with cross-functional teams.",0,1,1,Full-time,1-2 years,Bachelor's Degree,Business Services,Human Resources,0
1006,Software Developer,"Mumbai, Maharashtra",Engineering,₹5-8 LPA,Established technology company developing enterprise software products.,"Develop and maintain web applications, collaborate with engineering teams, write clean code and participate in code reviews. Candidates should be comfortable working with cross-functional teams.","Bachelor degree or equivalent experience, Python or JavaScript, Git, SQL and problem solving skills. Candidates should be comfortable working with cross-functional teams.","Health insurance, paid leave, learning budget and hybrid work. Candidates should be comfortable working with cross-functional teams.",0,1,1,Full-time,1-3 years,Bachelor's Degree,Information Technology,Engineering,0
1176,HR Executive,"Delhi, India",Human Resources,₹3-6 LPA,Growing services company with offices across India.,"Support recruitment, maintain employee records, coordinate interviews and assist with HR operations. Applicants can review the company career page before applying.","Good communication, MS Office and basic understanding of recruitment processes. Applicants can review the company career page before applying.","Paid leave, health benefits and training programs. Applicants can review the company career page before applying.",0,1,1,Full-time,1-2 years,Bachelor's Degree,Business Services,Human Resources,0
1238,Customer Support Associate,"Bengaluru, Karnataka",Customer Support,₹2.5-4 LPA,Consumer services organization operating a national customer support center.,"Respond to customer queries through approved support channels, document issues and coordinate with internal teams. Candidates should be comfortable working with cross-functional teams.","Good written and verbal communication, basic computer skills and willingness to work shifts. Candidates should be comfortable working with cross-functional teams.","Paid leave, insurance and structured onboarding. Candidates should be comfortable working with cross-functional teams.",0,1,1,Full-time,0-1 years,Any Graduate,Customer Service,Support,0
1058,Marketing Intern,"Hyderabad, Telangana",Marketing,"₹12,000-18,000 per month",Digital marketing agency working with small and medium businesses.,"Assist with social media calendars, market research, content planning and campaign reporting. Candidates should be comfortable working with cross-functional teams.","Interest in digital marketing, communication skills and basic spreadsheet knowledge. Candidates should be comfortable working with cross-functional teams.","Certificate, mentorship and internship completion letter. Candidates should be comfortable working with cross-functional teams.",0,1,1,Internship,0-1 years,Any Graduate,Marketing,Marketing,0
1219,Software Developer,"Mumbai, Maharashtra",Engineering,₹5-8 LPA,Established technology company developing enterprise software products.,"Develop and maintain web applications, collaborate with engineering teams, write clean code and participate in code reviews. The selected candidate will complete a standard interview process.","Bachelor degree or equivalent experience, Python or JavaScript, Git, SQL and problem solving skills. The selected candidate will complete a standard interview process.","Health insurance, paid leave, learning budget and hybrid work. The selected candidate will complete a standard interview process.",0,1,1,Full-time,1-3 years,Bachelor's Degree,Information Technology,Engineering,0
1046,HR Executive,"Delhi, India",Human Resources,₹3-5 LPA,Growing services company with offices across India.,"Support recruitment, maintain employee records, coordinate interviews and assist with HR operations. Candidates should be comfortable working with cross-functional teams.","Good communication, MS Office and basic understanding of recruitment processes. Candidates should be comfortable working with cross-functional teams.","Paid leave, health benefits and training programs. Candidates should be comfortable working with cross-functional teams.",0,1,1,Contract,1-2 years,Bachelor's Degree,Business Services,Human Resources,0
1183,HR Executive,"Delhi, India",Human Resources,₹4-8 LPA,Growing services company with offices across India.,"Support recruitment, maintain employee records, coordinate interviews and assist with HR operations. The selected candidate will complete a standard interview process.","Good communication, MS Office and basic understanding of recruitment processes. The selected candidate will complete a standard interview process.","Paid leave, health benefits and training programs. The selected candidate will complete a standard interview process.",0,1,1,Full-time,1-2 years,Bachelor's Degree,Business Services,Human Resources,0
1222,Marketing Intern,"Hyderabad, Telangana",Marketing,"₹12,000-18,000 per month",Digital marketing agency working with small and medium businesses.,"Assist with social media calendars, market research, content planning and campaign reporting. Candidates should be comfortable working with cross-functional teams.","Interest in digital marketing, communication skills and basic spreadsheet knowledge. Candidates should be comfortable working with cross-functional teams.","Certificate, mentorship and internship completion letter. Candidates should be comfortable working with cross-functional teams.",0,1,1,Internship,0-1 years,Any Graduate,Marketing,Marketing,0
1290,Easy Online Typing Job,Remote,,"₹50,000-₹90,000 per month",,"Earn money by typing simple documents from home. Limited vacancies. Apply urgently through Telegram and pay a small security fee before receiving work. Limited seats available, act immediately.","Basic typing only. No experience needed. Limited seats available, act immediately.","Guaranteed earnings and work from home. Limited seats available, act immediately.",1,0,1,Part-time,No experience,Not required,Data Entry,Administrative,1
1212,Marketing Intern,"Hyderabad, Telangana",Marketing,"₹12,000-18,000 per month",Digital marketing agency working with small and medium businesses.,"Assist with social media calendars, market research, content planning and campaign reporting. Applicants can review the company career page before applying.","Interest in digital marketing, communication skills and basic spreadsheet knowledge. Applicants can review the company career page before applying.","Certificate, mentorship and internship completion letter. Applicants can review the company career page before applying.",0,1,1,Internship,0-1 years,Any Graduate,Marketing,Marketing,0
1149,Data Analyst,"Pune, Maharashtra",Analytics,₹4-7 LPA,Business analytics firm providing reporting and data services to clients.,"Prepare reports, clean datasets, build dashboards and work with business teams to identify trends.","SQL, Excel, basic Python, data visualization and analytical thinking.","Paid leave, medical coverage and professional development.",0,1,1,Full-time,0-2 years,Bachelor's Degree,Analytics,Data Analysis,0
1166,Customer Support Associate,"Pune, Maharashtra",Customer Support,₹2.5-4 LPA,Consumer services organization operating a national customer support center.,"Respond to customer queries through approved support channels, document issues and coordinate with internal teams. Candidates should be comfortable working with cross-functional teams.","Good written and verbal communication, basic computer skills and willingness to work shifts. Candidates should be comfortable working with cross-functional teams.","Paid leave, insurance and structured onboarding. Candidates should be comfortable working with cross-functional teams.",0,1,1,Full-time,0-1 years,Any Graduate,Customer Service,Support,0
1079,Customer Support Associate,"Bengaluru, Karnataka",Customer Support,₹2.5-4 LPA,Consumer services organization operating a national customer support center.,"Respond to customer queries through approved support channels, document issues and coordinate with internal teams. The selected candidate will complete a standard interview process.","Good written and verbal communication, basic computer skills and willingness to work shifts. The selected candidate will complete a standard interview process.","Paid leave, insurance and structured onboarding. The selected candidate will complete a standard interview process.",0,1,1,Full-time,0-1 years,Any Graduate,Customer Service,Support,0
1114,Data Analyst,"Pune, Maharashtra",Analytics,₹4-7 LPA,Business analytics firm providing reporting and data services to clients.,"Prepare reports, clean datasets, build dashboards and work with business teams to identify trends. Candidates should be comfortable working with cross-functional teams.","SQL, Excel, basic Python, data visualization and analytical thinking. Candidates should be comfortable working with cross-functional teams.","Paid leave, medical coverage and professional development. Candidates should be comfortable working with cross-functional teams.",0,1,1,Full-time,0-2 years,Bachelor's Degree,Analytics,Data Analysis,0
1250,Easy Online Typing Job,Remote,,"₹50,000-₹90,000 per month",,"Earn money by typing simple documents from home. Limited vacancies. Apply urgently through Telegram and pay a small security fee before receiving work. Limited seats available, act immediately.","Basic typing only. No experience needed. Limited seats available, act immediately.","Guaranteed earnings and work from home. Limited seats available, act immediately.",1,0,0,Part-time,No experience,Not required,Data Entry,Administrative,1
1251,Easy Online Typing Job,Remote,,"₹60,000 per week",,Earn money by typing simple documents from home. Limited vacancies. Apply urgently through Telegram and pay a small security fee before receiving work. Contact the recruiter directly for fast approval. Registration fee of ₹999 is required before joining.,Basic typing only. No experience needed. Contact the recruiter directly for fast approval.,Guaranteed earnings and work from home. Contact the recruiter directly for fast approval.,1,0,1,Part-time,No experience,Not required,Data Entry,Administrative,1
1105,Data Analyst,"Pune, Maharashtra",Analytics,₹4-7 LPA,Business analytics firm providing reporting and data services to clients.,"Prepare reports, clean datasets, build dashboards and work with business teams to identify trends.","SQL, Excel, basic Python, data visualization and analytical thinking.","Paid leave, medical coverage and professional development.",0,1,1,Full-time,0-2 years,Bachelor's Degree,Analytics,Data Analysis,0
1043,HR Executive,"Delhi, India",Human Resources,₹3-6 LPA,Growing services company with offices across India.,"Support recruitment, maintain employee records, coordinate interviews and assist with HR operations. The selected candidate will complete a standard interview process.","Good communication, MS Office and basic understanding of recruitment processes. The selected candidate will complete a standard interview process.","Paid leave, health benefits and training programs. The selected candidate will complete a standard interview process.",0,1,1,Full-time,1-2 years,Bachelor's Degree,Business Services,Human Resources,0
1282,Online Recruitment Agent,Remote,,"₹1,00,000 per month",International company expanding rapidly.,"Urgent hiring. Work from anywhere and earn guaranteed high income. Contact our recruiter on WhatsApp and pay a refundable registration fee to secure your position. Limited seats available, act immediately.","No qualification or experience required. Limited seats available, act immediately.","Very high salary and immediate joining. Limited seats available, act immediately.",1,0,1,Part-time,Not required,Not required,Recruitment,Sales,1
1296,International Work Opportunity,Remote,Operations,"₹75,000 per month",Global business opportunity team,Immediate joining available. Guaranteed job and guaranteed income. Send your ID documents to the recruiter and pay registration charges to complete onboarding. No interview is required before joining. Registration fee of ₹999 is required before joining.,Anyone above 18 can apply. No interview is required before joining.,"High salary, flexible hours and fast promotion. No interview is required before joining.",1,0,1,Full-time,No experience,Any,Other,Operations,1
1158,Data Analyst,"Pune, Maharashtra",Analytics,₹4-7 LPA,Business analytics firm providing reporting and data services to clients.,"Prepare reports, clean datasets, build dashboards and work with business teams to identify trends. Candidates should be comfortable working with cross-functional teams.","SQL, Excel, basic Python, data visualization and analytical thinking. Candidates should be comfortable working with cross-functional teams.","Paid leave, medical coverage and professional development. Candidates should be comfortable working with cross-functional teams.",0,1,1,Full-time,0-2 years,Bachelor's Degree,Analytics,Data Analysis,0
1239,HR Executive,"Delhi, India",Human Resources,₹3-6 LPA,Growing services company with offices across India.,"Support recruitment, maintain employee records, coordinate interviews and assist with HR operations. The selected candidate will complete a standard interview process.","Good communication, MS Office and basic understanding of recruitment processes. The selected candidate will complete a standard interview process.","Paid leave, health benefits and training programs. The selected candidate will complete a standard interview process.",0,1,1,Full-time,1-2 years,Bachelor's Degree,Business Services,Human Resources,0
1018,Data Analyst,"Pune, Maharashtra",Analytics,₹4-7 LPA,Business analytics firm providing reporting and data services to clients.,"Prepare reports, clean datasets, build dashboards and work with business teams to identify trends. Candidates should be comfortable working with cross-functional teams.","SQL, Excel, basic Python, data visualization and analytical thinking. Candidates should be comfortable working with cross-functional teams.","Paid leave, medical coverage and professional development. Candidates should be comfortable working with cross-functional teams.",0,1,1,Full-time,0-2 years,Bachelor's Degree,Analytics,Data Analysis,0
1165,Customer Support Associate,"Bengaluru, Karnataka",Customer Support,₹2.5-4 LPA,Consumer services organization operating a national customer support center.,"Respond to customer queries through approved support channels, document issues and coordinate with internal teams.","Good written and verbal communication, basic computer skills and willingness to work shifts.","Paid leave, insurance and structured onboarding.",0,1,1,Full-time,0-1 years,Any Graduate,Customer Service,Support,0
1034,Marketing Intern,"Mumbai, Maharashtra",Marketing,"₹12,000-18,000 per month",Digital marketing agency working with small and medium businesses.,"Assist with social media calendars, market research, content planning and campaign reporting. Candidates should be comfortable working with cross-functional teams.","Interest in digital marketing, communication skills and basic spreadsheet knowledge. Candidates should be comfortable working with cross-functional teams.","Certificate, mentorship and internship completion letter. Candidates should be comfortable working with cross-functional teams.",0,1,1,Internship,0-1 years,Any Graduate,Marketing,Marketing,0
1025,HR Executive,"Delhi, India",Human Resources,₹3-5 LPA,Growing services company with offices across India.,"Support recruitment, maintain employee records, coordinate interviews and assist with HR operations.","Good communication, MS Office and basic understanding of recruitment processes.","Paid leave, health benefits and training programs.",0,1,1,Full-time,1-2 years,Bachelor's Degree,Business Services,Human Resources,0
1216,Marketing Intern,"Hyderabad, Telangana",Marketing,"₹12,000-18,000 per month",Digital marketing agency working with small and medium businesses.,"Assist with social media calendars, market research, content planning and campaign reporting. Applicants can review the company career page before applying.","Interest in digital marketing, communication skills and basic spreadsheet knowledge. Applicants can review the company career page before applying.","Certificate, mentorship and internship completion letter. Applicants can review the company career page before applying.",0,1,1,Internship,0-1 years,Any Graduate,Marketing,Marketing,0
1120,Software Developer,"Mumbai, Maharashtra",Engineering,₹3-6 LPA,Established technology company developing enterprise software products.,"Develop and maintain web applications, collaborate with engineering teams, write clean code and participate in code reviews. Applicants can review the company career page before applying.","Bachelor degree or equivalent experience, Python or JavaScript, Git, SQL and problem solving skills. Applicants can review the company career page before applying.","Health insurance, paid leave, learning budget and hybrid work. Applicants can review the company career page before applying.",0,1,1,Full-time,1-3 years,Bachelor's Degree,Information Technology,Engineering,0
1008,Customer Support Associate,"Bengaluru, Karnataka",Customer Support,₹3-6 LPA,Consumer services organization operating a national customer support center.,"Respond to customer queries through approved support channels, document issues and coordinate with internal teams. Applicants can review the company career page before applying.","Good written and verbal communication, basic computer skills and willingness to work shifts. Applicants can review the company career page before applying.","Paid leave, insurance and structured onboarding. Applicants can review the company career page before applying.",0,1,1,Full-time,0-1 years,Any Graduate,Customer Service,Support,0
1091,Marketing Intern,"Hyderabad, Telangana",Marketing,"₹12,000-18,000 per month",Digital marketing agency working with small and medium businesses.,"Assist with social media calendars, market research, content planning and campaign reporting. The selected candidate will complete a standard interview process.","Interest in digital marketing, communication skills and basic spreadsheet knowledge. The selected candidate will complete a standard interview process.","Certificate, mentorship and internship completion letter. The selected candidate will complete a standard interview process.",0,1,1,Full-time,0-1 years,Any Graduate,Marketing,Marketing,0
1047,HR Executive,"Delhi, India",Human Resources,₹3-5 LPA,Growing services company with offices across India.,"Support recruitment, maintain employee records, coordinate interviews and assist with HR operations. The selected candidate will complete a standard interview process.","Good communication, MS Office and basic understanding of recruitment processes. The selected candidate will complete a standard interview process.","Paid leave, health benefits and training programs. The selected candidate will complete a standard interview process.",0,1,1,Full-time,1-2 years,Bachelor's Degree,Business Services,Human Resources,0
1074,Data Analyst,"Pune, Maharashtra",Analytics,₹4-7 LPA,Business analytics firm providing reporting and data services to clients.,"Prepare reports, clean datasets, build dashboards and work with business teams to identify trends. Candidates should be comfortable working with cross-functional teams.","SQL, Excel, basic Python, data visualization and analytical thinking. Candidates should be comfortable working with cross-functional teams.","Paid leave, medical coverage and professional development. Candidates should be comfortable working with cross-functional teams.",0,1,1,Full-time,0-2 years,Bachelor's Degree,Analytics,Data Analysis,0
1094,Customer Support Associate,"Bengaluru, Karnataka",Customer Support,₹2.5-4 LPA,Consumer services organization operating a national customer support center.,"Respond to customer queries through approved support channels, document issues and coordinate with internal teams. Candidates should be comfortable working with cross-functional teams.","Good written and verbal communication, basic computer skills and willingness to work shifts. Candidates should be comfortable working with cross-functional teams.","Paid leave, insurance and structured onboarding. Candidates should be comfortable working with cross-functional teams.",0,1,1,Full-time,0-1 years,Any Graduate,Customer Service,Support,0
1077,Marketing Intern,"Hyderabad, Telangana",Marketing,"₹12,000-18,000 per month",Digital marketing agency working with small and medium businesses.,"Assist with social media calendars, market research, content planning and campaign reporting.","Interest in digital marketing, communication skills and basic spreadsheet knowledge.","Certificate, mentorship and internship completion letter.",0,1,1,Internship,0-1 years,Any Graduate,Marketing,Marketing,0
1287,Online Recruitment Agent,Remote,,"₹1,00,000 per month",International company expanding rapidly.,Urgent hiring. Work from anywhere and earn guaranteed high income. Contact our recruiter on WhatsApp and pay a refundable registration fee to secure your position. Contact the recruiter directly for fast approval.,No qualification or experience required. Contact the recruiter directly for fast approval.,Very high salary and immediate joining. Contact the recruiter directly for fast approval.,1,0,1,Part-time,Not required,Not required,Recruitment,Sales,1
1061,Software Developer,"Mumbai, Maharashtra",Engineering,₹5-8 LPA,Established technology company developing enterprise software products.,"Develop and maintain web applications, collaborate with engineering teams, write clean code and participate in code reviews.","Bachelor degree or equivalent experience, Python or JavaScript, Git, SQL and problem solving skills.","Health insurance, paid leave, learning budget and hybrid work.",0,1,1,Full-time,1-3 years,Bachelor's Degree,Information Technology,Engineering,0
1078,HR Executive,"Hyderabad, Telangana",Human Resources,₹5-9 LPA,Growing services company with offices across India.,"Support recruitment, maintain employee records, coordinate interviews and assist with HR operations. Candidates should be comfortable working with cross-functional teams.","Good communication, MS Office and basic understanding of recruitment processes. Candidates should be comfortable working with cross-functional teams.","Paid leave, health benefits and training programs. Candidates should be comfortable working with cross-functional teams.",0,1,1,Full-time,1-2 years,Bachelor's Degree,Business Services,Human Resources,0
1064,HR Executive,"Delhi, India",Human Resources,₹4-8 LPA,Growing services company with offices across India.,"Support recruitment, maintain employee records, coordinate interviews and assist with HR operations. Applicants can review the company career page before applying.","Good communication, MS Office and basic understanding of recruitment processes. Applicants can review the company career page before applying.","Paid leave, health benefits and training programs. Applicants can review the company career page before applying.",0,1,1,Contract,1-2 years,Bachelor's Degree,Business Services,Human Resources,0
1235,HR Executive,"Delhi, India",Human Resources,₹3-5 LPA,Growing services company with offices across India.,"Support recruitment, maintain employee records, coordinate interviews and assist with HR operations. The selected candidate will complete a standard interview process.","Good communication, MS Office and basic understanding of recruitment processes. The selected candidate will complete a standard interview process.","Paid leave, health benefits and training programs. The selected candidate will complete a standard interview process.",0,1,1,Contract,1-2 years,Bachelor's Degree,Business Services,Human Resources,0
1230,Marketing Intern,"Hyderabad, Telangana",Marketing,"₹12,000-18,000 per month",Digital marketing agency working with small and medium businesses.,"Assist with social media calendars, market research, content planning and campaign reporting. Candidates should be comfortable working with cross-functional teams.","Interest in digital marketing, communication skills and basic spreadsheet knowledge. Candidates should be comfortable working with cross-functional teams.","Certificate, mentorship and internship completion letter. Candidates should be comfortable working with cross-functional teams.",0,1,1,Internship,0-1 years,Any Graduate,Marketing,Marketing,0
1112,Data Analyst,"Pune, Maharashtra",Analytics,₹4-7 LPA,Business analytics firm providing reporting and data services to clients.,"Prepare reports, clean datasets, build dashboards and work with business teams to identify trends. Applicants can review the company career page before applying.","SQL, Excel, basic Python, data visualization and analytical thinking. Applicants can review the company career page before applying.","Paid leave, medical coverage and professional development. Applicants can review the company career page before applying.",0,1,1,Full-time,0-2 years,Bachelor's Degree,Analytics,Data Analysis,0
1232,HR Executive,"Chennai, Tamil Nadu",Human Resources,₹3-6 LPA,Growing services company with offices across India.,"Support recruitment, maintain employee records, coordinate interviews and assist with HR operations. Applicants can review the company career page before applying.","Good communication, MS Office and basic understanding of recruitment processes. Applicants can review the company career page before applying.","Paid leave, health benefits and training programs. Applicants can review the company career page before applying.",0,1,1,Full-time,1-2 years,Bachelor's Degree,Business Services,Human Resources,0
1181,Data Analyst,"Pune, Maharashtra",Analytics,₹4-7 LPA,Business analytics firm providing reporting and data services to clients.,"Prepare reports, clean datasets, build dashboards and work with business teams to identify trends.","SQL, Excel, basic Python, data visualization and analytical thinking.","Paid leave, medical coverage and professional development.",0,1,1,Contract,0-2 years,Bachelor's Degree,Analytics,Data Analysis,0
1145,Data Analyst,"Pune, Maharashtra",Analytics,₹4-7 LPA,Business analytics firm providing reporting and data services to clients.,"Prepare reports, clean datasets, build dashboards and work with business teams to identify trends.","SQL, Excel, basic Python, data visualization and analytical thinking.","Paid leave, medical coverage and professional development.",0,1,1,Full-time,0-2 years,Bachelor's Degree,Analytics,Data Analysis,0
1240,Software Developer,"Mumbai, Maharashtra",Engineering,₹5-8 LPA,Established technology company developing enterprise software products.,"Develop and maintain web applications, collaborate with engineering teams, write clean code and participate in code reviews. Applicants can review the company career page before applying.","Bachelor degree or equivalent experience, Python or JavaScript, Git, SQL and problem solving skills. Applicants can review the company career page before applying.","Health insurance, paid leave, learning budget and hybrid work. Applicants can review the company career page before applying.",0,1,1,Full-time,1-3 years,Bachelor's Degree,Information Technology,Engineering,0
1076,Marketing Intern,"Hyderabad, Telangana",Marketing,"₹12,000-18,000 per month",Digital marketing agency working with small and medium businesses.,"Assist with social media calendars, market research, content planning and campaign reporting. Applicants can review the company career page before applying.","Interest in digital marketing, communication skills and basic spreadsheet knowledge. Applicants can review the company career page before applying.","Certificate, mentorship and internship completion letter. Applicants can review the company career page before applying.",0,1,1,Internship,0-1 years,Any Graduate,Marketing,Marketing,0
1298,Online Recruitment Agent,Remote,,"₹1,00,000 per month",International company expanding rapidly.,"Urgent hiring. Work from anywhere and earn guaranteed high income. Contact our recruiter on WhatsApp and pay a refundable registration fee to secure your position. Limited seats available, act immediately.","No qualification or experience required. Limited seats available, act immediately.","Very high salary and immediate joining. Limited seats available, act immediately.",1,0,0,Part-time,Not required,Not required,Recruitment,Sales,1
1279,International Work Opportunity,Remote,Operations,"₹75,000 per month",Global business opportunity team,Immediate joining available. Guaranteed job and guaranteed income. Send your ID documents to the recruiter and pay registration charges to complete onboarding. Contact the recruiter directly for fast approval.,Anyone above 18 can apply. Contact the recruiter directly for fast approval.,"High salary, flexible hours and fast promotion. Contact the recruiter directly for fast approval.",1,0,1,Full-time,No experience,Any,Other,Operations,1
1098,Software Developer,"Mumbai, Maharashtra",Engineering,₹5-8 LPA,Established technology company developing enterprise software products.,"Develop and maintain web applications, collaborate with engineering teams, write clean code and participate in code reviews. Candidates should be comfortable working with cross-functional teams.","Bachelor degree or equivalent experience, Python or JavaScript, Git, SQL and problem solving skills. Candidates should be comfortable working with cross-functional teams.","Health insurance, paid leave, learning budget and hybrid work. Candidates should be comfortable working with cross-functional teams.",0,1,1,Full-time,1-3 years,Bachelor's Degree,Information Technology,Engineering,0
1093,Marketing Intern,"Hyderabad, Telangana",Marketing,"₹12,000-18,000 per month",Digital marketing agency working with small and medium businesses.,"Assist with social media calendars, market research, content planning and campaign reporting.","Interest in digital marketing, communication skills and basic spreadsheet knowledge.","Certificate, mentorship and internship completion letter.",0,1,1,Internship,0-1 years,Any Graduate,Marketing,Marketing,0
1193,Customer Support Associate,"Bengaluru, Karnataka",Customer Support,₹2.5-4 LPA,Consumer services organization operating a national customer support center.,"Respond to customer queries through approved support channels, document issues and coordinate with internal teams.","Good written and verbal communication, basic computer skills and willingness to work shifts.","Paid leave, insurance and structured onboarding.",0,1,1,Full-time,0-1 years,Any Graduate,Customer Service,Support,0
1026,Software Developer,"Mumbai, Maharashtra",Engineering,₹5-8 LPA,Established technology company developing enterprise software products.,"Develop and maintain web applications, collaborate with engineering teams, write clean code and participate in code reviews. Candidates should be comfortable working with cross-functional teams.","Bachelor degree or equivalent experience, Python or JavaScript, Git, SQL and problem solving skills. Candidates should be comfortable working with cross-functional teams.","Health insurance, paid leave, learning budget and hybrid work. Candidates should be comfortable working with cross-functional teams.",0,1,1,Full-time,1-3 years,Bachelor's Degree,Information Technology,Engineering,0
1233,HR Executive,"Delhi, India",Human Resources,₹3-5 LPA,Growing services company with offices across India.,"Support recruitment, maintain employee records, coordinate interviews and assist with HR operations.","Good communication, MS Office and basic understanding of recruitment processes.","Paid leave, health benefits and training programs.",0,1,1,Full-time,1-2 years,Bachelor's Degree,Business Services,Human Resources,0
1060,HR Executive,"Delhi, India",Human Resources,₹3-5 LPA,Growing services company with offices across India.,"Support recruitment, maintain employee records, coordinate interviews and assist with HR operations. Applicants can review the company career page before applying.","Good communication, MS Office and basic understanding of recruitment processes. Applicants can review the company career page before applying.","Paid leave, health benefits and training programs. Applicants can review the company career page before applying.",0,1,1,Full-time,1-2 years,Bachelor's Degree,Business Services,Human Resources,0
1007,Marketing Intern,"Hyderabad, Telangana",Marketing,"₹12,000-18,000 per month",Digital marketing agency working with small and medium businesses.,"Assist with social media calendars, market research, content planning and campaign reporting. The selected candidate will complete a standard interview process.","Interest in digital marketing, communication skills and basic spreadsheet knowledge. The selected candidate will complete a standard interview process.","Certificate, mentorship and internship completion letter. The selected candidate will complete a standard interview process.",0,1,1,Internship,0-1 years,Any Graduate,Marketing,Marketing,0
1186,Customer Support Associate,"Bengaluru, Karnataka",Customer Support,₹2.5-4 LPA,Consumer services organization operating a national customer support center.,"Respond to customer queries through approved support channels, document issues and coordinate with internal teams. Candidates should be comfortable working with cross-functional teams.","Good written and verbal communication, basic computer skills and willingness to work shifts. Candidates should be comfortable working with cross-functional teams.","Paid leave, insurance and structured onboarding. Candidates should be comfortable working with cross-functional teams.",0,1,1,Full-time,0-1 years,Any Graduate,Customer Service,Support,0
1174,Software Developer,"Mumbai, Maharashtra",Engineering,₹5-8 LPA,Established technology company developing enterprise software products.,"Develop and maintain web applications, collaborate with engineering teams, write clean code and participate in code reviews. Candidates should be comfortable working with cross-functional teams.","Bachelor degree or equivalent experience, Python or JavaScript, Git, SQL and problem solving skills. Candidates should be comfortable working with cross-functional teams.","Health insurance, paid leave, learning budget and hybrid work. Candidates should be comfortable working with cross-functional teams.",0,1,1,Full-time,1-3 years,Bachelor's Degree,Information Technology,Engineering,0
1031,HR Executive,"Delhi, India",Human Resources,₹3-5 LPA,Growing services company with offices across India.,"Support recruitment, maintain employee records, coordinate interviews and assist with HR operations. The selected candidate will complete a standard interview process.","Good communication, MS Office and basic understanding of recruitment processes. The selected candidate will complete a standard interview process.","Paid leave, health benefits and training programs. The selected candidate will complete a standard interview process.",0,1,1,Full-time,1-2 years,Bachelor's Degree,Business Services,Human Resources,0
1023,HR Executive,"Pune, Maharashtra",Human Resources,₹3-5 LPA,Growing services company with offices across India.,"Support recruitment, maintain employee records, coordinate interviews and assist with HR operations. The selected candidate will complete a standard interview process.","Good communication, MS Office and basic understanding of recruitment processes. The selected candidate will complete a standard interview process.","Paid leave, health benefits and training programs. The selected candidate will complete a standard interview process.",0,1,1,Full-time,1-2 years,Bachelor's Degree,Business Services,Human Resources,0
1257,Online Recruitment Agent,Remote,,"₹1,00,000 per month",International company expanding rapidly.,Urgent hiring. Work from anywhere and earn guaranteed high income. Contact our recruiter on WhatsApp and pay a refundable registration fee to secure your position. Apply now to avoid losing this opportunity. Recruiter can be reached through WhatsApp.,No qualification or experience required. Apply now to avoid losing this opportunity.,Very high salary and immediate joining. Apply now to avoid losing this opportunity.,1,1,1,Part-time,Not required,Not required,Recruitment,Sales,1
1057,Customer Support Associate,"Bengaluru, Karnataka",Customer Support,₹4-8 LPA,Consumer services organization operating a national customer support center.,"Respond to customer queries through approved support channels, document issues and coordinate with internal teams.","Good written and verbal communication, basic computer skills and willingness to work shifts.","Paid leave, insurance and structured onboarding.",0,1,1,Full-time,0-1 years,Any Graduate,Customer Service,Support,0
1187,Marketing Intern,"Hyderabad, Telangana",Marketing,"₹12,000-18,000 per month",Digital marketing agency working with small and medium businesses.,"Assist with social media calendars, market research, content planning and campaign reporting. The selected candidate will complete a standard interview process.","Interest in digital marketing, communication skills and basic spreadsheet knowledge. The selected candidate will complete a standard interview process.","Certificate, mentorship and internship completion letter. The selected candidate will complete a standard interview process.",0,1,1,Internship,0-1 years,Any Graduate,Marketing,Marketing,0
1109,Data Analyst,"Pune, Maharashtra",Analytics,₹4-7 LPA,Business analytics firm providing reporting and data services to clients.,"Prepare reports, clean datasets, build dashboards and work with business teams to identify trends.","SQL, Excel, basic Python, data visualization and analytical thinking.","Paid leave, medical coverage and professional development.",0,1,1,Full-time,0-2 years,Bachelor's Degree,Analytics,Data Analysis,0
1127,Software Developer,"Mumbai, Maharashtra",Engineering,₹5-9 LPA,Established technology company developing enterprise software products.,"Develop and maintain web applications, collaborate with engineering teams, write clean code and participate in code reviews. The selected candidate will complete a standard interview process.","Bachelor degree or equivalent experience, Python or JavaScript, Git, SQL and problem solving skills. The selected candidate will complete a standard interview process.","Health insurance, paid leave, learning budget and hybrid work. The selected candidate will complete a standard interview process.",0,1,1,Contract,1-3 years,Bachelor's Degree,Information Technology,Engineering,0
1231,HR Executive,"Delhi, India",Human Resources,₹3-5 LPA,Growing services company with offices across India.,"Support recruitment, maintain employee records, coordinate interviews and assist with HR operations. The selected candidate will complete a standard interview process.","Good communication, MS Office and basic understanding of recruitment processes. The selected candidate will complete a standard interview process.","Paid leave, health benefits and training programs. The selected candidate will complete a standard interview process.",0,1,1,Full-time,1-2 years,Bachelor's Degree,Business Services,Human Resources,0
1194,Customer Support Associate,"Bengaluru, Karnataka",Customer Support,₹2.5-4 LPA,Consumer services organization operating a national customer support center.,"Respond to customer queries through approved support channels, document issues and coordinate with internal teams. Candidates should be comfortable working with cross-functional teams.","Good written and verbal communication, basic computer skills and willingness to work shifts. Candidates should be comfortable working with cross-functional teams.","Paid leave, insurance and structured onboarding. Candidates should be comfortable working with cross-functional teams.",0,1,1,Full-time,0-1 years,Any Graduate,Customer Service,Support,0
1130,Data Analyst,"Pune, Maharashtra",Analytics,₹4-7 LPA,Business analytics firm providing reporting and data services to clients.,"Prepare reports, clean datasets, build dashboards and work with business teams to identify trends. Candidates should be comfortable working with cross-functional teams.","SQL, Excel, basic Python, data visualization and analytical thinking. Candidates should be comfortable working with cross-functional teams.","Paid leave, medical coverage and professional development. Candidates should be comfortable working with cross-functional teams.",0,1,1,Full-time,0-2 years,Bachelor's Degree,Analytics,Data Analysis,0
1283,Work From Home Data Entry,Remote,,"₹80,000 per week",,Earn huge income from home with no experience required. Start immediately and receive guaranteed weekly payments. Contact the recruiter directly for fast approval. Share your Aadhaar or bank details for verification.,No experience needed. Anyone can apply. Contact the recruiter directly for fast approval.,"Guaranteed income, instant joining and flexible hours. Contact the recruiter directly for fast approval.",1,0,0,Part-time,No experience,Not required,Data Entry,Administrative,1
1083,Data Analyst,"Pune, Maharashtra",Analytics,₹4-7 LPA,Business analytics firm providing reporting and data services to clients.,"Prepare reports, clean datasets, build dashboards and work with business teams to identify trends. The selected candidate will complete a standard interview process.","SQL, Excel, basic Python, data visualization and analytical thinking. The selected candidate will complete a standard interview process.","Paid leave, medical coverage and professional development. The selected candidate will complete a standard interview process.",0,1,1,Full-time,0-2 years,Bachelor's Degree,Analytics,Data Analysis,0
1085,Customer Support Associate,"Bengaluru, Karnataka",Customer Support,₹3-6 LPA,Consumer services organization operating a national customer support center.,"Respond to customer queries through approved support channels, document issues and coordinate with internal teams.","Good written and verbal communication, basic computer skills and willingness to work shifts.","Paid leave, insurance and structured onboarding.",0,1,1,Full-time,0-1 years,Any Graduate,Customer Service,Support,0
1067,Marketing Intern,"Chennai, Tamil Nadu",Marketing,"₹12,000-18,000 per month",Digital marketing agency working with small and medium businesses.,"Assist with social media calendars, market research, content planning and campaign reporting. The selected candidate will complete a standard interview process.","Interest in digital marketing, communication skills and basic spreadsheet knowledge. The selected candidate will complete a standard interview process.","Certificate, mentorship and internship completion letter. The selected candidate will complete a standard interview process.",0,1,1,Internship,0-1 years,Any Graduate,Marketing,Marketing,0
1289,Easy Online Typing Job,Remote,,"₹50,000-₹90,000 per month",,Earn money by typing simple documents from home. Limited vacancies. Apply urgently through Telegram and pay a small security fee before receiving work. Apply now to avoid losing this opportunity. Share your Aadhaar or bank details for verification. Recruiter can be reached through WhatsApp.,Basic typing only. No experience needed. Apply now to avoid losing this opportunity.,Guaranteed earnings and work from home. Apply now to avoid losing this opportunity.,1,1,0,Part-time,No experience,Not required,Data Entry,Administrative,1
1164,Data Analyst,"Pune, Maharashtra",Analytics,₹4-7 LPA,Business analytics firm providing reporting and data services to clients.,"Prepare reports, clean datasets, build dashboards and work with business teams to identify trends. Applicants can review the company career page before applying.","SQL, Excel, basic Python, data visualization and analytical thinking. Applicants can review the company career page before applying.","Paid leave, medical coverage and professional development. Applicants can review the company career page before applying.",0,1,1,Full-time,0-2 years,Bachelor's Degree,Analytics,Data Analysis,0
1155,Software Developer,"Bengaluru, Karnataka",Engineering,₹3-6 LPA,Established technology company developing enterprise software products.,"Develop and maintain web applications, collaborate with engineering teams, write clean code and participate in code reviews. The selected candidate will complete a standard interview process.","Bachelor degree or equivalent experience, Python or JavaScript, Git, SQL and problem solving skills. The selected candidate will complete a standard interview process.","Health insurance, paid leave, learning budget and hybrid work. The selected candidate will complete a standard interview process.",0,1,1,Full-time,1-3 years,Bachelor's Degree,Information Technology,Engineering,0
1020,Software Developer,"Mumbai, Maharashtra",Engineering,₹5-8 LPA,Established technology company developing enterprise software products.,"Develop and maintain web applications, collaborate with engineering teams, write clean code and participate in code reviews. Applicants can review the company career page before applying.","Bachelor degree or equivalent experience, Python or JavaScript, Git, SQL and problem solving skills. Applicants can review the company career page before applying.","Health insurance, paid leave, learning budget and hybrid work. Applicants can review the company career page before applying.",0,1,1,Full-time,1-3 years,Bachelor's Degree,Information Technology,Engineering,0
1125,Marketing Intern,"Hyderabad, Telangana",Marketing,"₹12,000-18,000 per month",Digital marketing agency working with small and medium businesses.,"Assist with social media calendars, market research, content planning and campaign reporting.","Interest in digital marketing, communication skills and basic spreadsheet knowledge.","Certificate, mentorship and internship completion letter.",0,1,1,Internship,0-1 years,Any Graduate,Marketing,Marketing,0
1080,Marketing Intern,"Hyderabad, Telangana",Marketing,"₹12,000-18,000 per month",Digital marketing agency working with small and medium businesses.,"Assist with social media calendars, market research, content planning and campaign reporting. Applicants can review the company career page before applying.","Interest in digital marketing, communication skills and basic spreadsheet knowledge. Applicants can review the company career page before applying.","Certificate, mentorship and internship completion letter. Applicants can review the company career page before applying.",0,1,1,Internship,0-1 years,Any Graduate,Marketing,Marketing,0
1115,Marketing Intern,"Hyderabad, Telangana",Marketing,"₹12,000-18,000 per month",Digital marketing agency working with small and medium businesses.,"Assist with social media calendars, market research, content planning and campaign reporting. The selected candidate will complete a standard interview process.","Interest in digital marketing, communication skills and basic spreadsheet knowledge. The selected candidate will complete a standard interview process.","Certificate, mentorship and internship completion letter. The selected candidate will complete a standard interview process.",0,1,1,Internship,0-1 years,Any Graduate,Marketing,Marketing,0
1119,Customer Support Associate,"Bengaluru, Karnataka",Customer Support,₹2.5-4 LPA,Consumer services organization operating a national customer support center.,"Respond to customer queries through approved support channels, document issues and coordinate with internal teams. The selected candidate will complete a standard interview process.","Good written and verbal communication, basic computer skills and willingness to work shifts. The selected candidate will complete a standard interview process.","Paid leave, insurance and structured onboarding. The selected candidate will complete a standard interview process.",0,1,1,Full-time,0-1 years,Any Graduate,Customer Service,Support,0
1073,Data Analyst,"Pune, Maharashtra",Analytics,₹4-7 LPA,Business analytics firm providing reporting and data services to clients.,"Prepare reports, clean datasets, build dashboards and work with business teams to identify trends.","SQL, Excel, basic Python, data visualization and analytical thinking.","Paid leave, medical coverage and professional development.",0,1,1,Contract,0-2 years,Bachelor's Degree,Analytics,Data Analysis,0
1016,Marketing Intern,"Hyderabad, Telangana",Marketing,"₹12,000-18,000 per month",Digital marketing agency working with small and medium businesses.,"Assist with social media calendars, market research, content planning and campaign reporting. Applicants can review the company career page before applying.","Interest in digital marketing, communication skills and basic spreadsheet knowledge. Applicants can review the company career page before applying.","Certificate, mentorship and internship completion letter. Applicants can review the company career page before applying.",0,1,1,Internship,0-1 years,Any Graduate,Marketing,Marketing,0
1011,Data Analyst,"Pune, Maharashtra",Analytics,₹4-7 LPA,Business analytics firm providing reporting and data services to clients.,"Prepare reports, clean datasets, build dashboards and work with business teams to identify trends. The selected candidate will complete a standard interview process.","SQL, Excel, basic Python, data visualization and analytical thinking. The selected candidate will complete a standard interview process.","Paid leave, medical coverage and professional development. The selected candidate will complete a standard interview process.",0,1,1,Full-time,0-2 years,Bachelor's Degree,Analytics,Data Analysis,0
1195,Data Analyst,"Pune, Maharashtra",Analytics,₹4-7 LPA,Business analytics firm providing reporting and data services to clients.,"Prepare reports, clean datasets, build dashboards and work with business teams to identify trends. The selected candidate will complete a standard interview process.","SQL, Excel, basic Python, data visualization and analytical thinking. The selected candidate will complete a standard interview process.","Paid leave, medical coverage and professional development. The selected candidate will complete a standard interview process.",0,1,1,Full-time,0-2 years,Bachelor's Degree,Analytics,Data Analysis,0
1102,Software Developer,"Mumbai, Maharashtra",Engineering,₹5-8 LPA,Established technology company developing enterprise software products.,"Develop and maintain web applications, collaborate with engineering teams, write clean code and participate in code reviews. Candidates should be comfortable working with cross-functional teams.","Bachelor degree or equivalent experience, Python or JavaScript, Git, SQL and problem solving skills. Candidates should be comfortable working with cross-functional teams.","Health insurance, paid leave, learning budget and hybrid work. Candidates should be comfortable working with cross-functional teams.",0,1,1,Full-time,1-3 years,Bachelor's Degree,Information Technology,Engineering,0
1069,Data Analyst,"Pune, Maharashtra",Analytics,₹4-7 LPA,Business analytics firm providing reporting and data services to clients.,"Prepare reports, clean datasets, build dashboards and work with business teams to identify trends.","SQL, Excel, basic Python, data visualization and analytical thinking.","Paid leave, medical coverage and professional development.",0,1,1,Full-time,0-2 years,Bachelor's Degree,Analytics,Data Analysis,0
1225,Marketing Intern,"Hyderabad, Telangana",Marketing,₹3-6 LPA,Digital marketing agency working with small and medium businesses.,"Assist with social media calendars, market research, content planning and campaign reporting.","Interest in digital marketing, communication skills and basic spreadsheet knowledge.","Certificate, mentorship and internship completion letter.",0,1,1,Internship,0-1 years,Any Graduate,Marketing,Marketing,0
1038,Marketing Intern,"Hyderabad, Telangana",Marketing,"₹12,000-18,000 per month",Digital marketing agency working with small and medium businesses.,"Assist with social media calendars, market research, content planning and campaign reporting. Candidates should be comfortable working with cross-functional teams.","Interest in digital marketing, communication skills and basic spreadsheet knowledge. Candidates should be comfortable working with cross-functional teams.","Certificate, mentorship and internship completion letter. Candidates should be comfortable working with cross-functional teams.",0,1,1,Internship,0-1 years,Any Graduate,Marketing,Marketing,0
1017,Customer Support Associate,"Bengaluru, Karnataka",Customer Support,₹2.5-4 LPA,Consumer services organization operating a national customer support center.,"Respond to customer queries through approved support channels, document issues and coordinate with internal teams.","Good written and verbal communication, basic computer skills and willingness to work shifts.","Paid leave, insurance and structured onboarding.",0,1,1,Full-time,0-1 years,Any Graduate,Customer Service,Support,0
1180,Customer Support Associate,"Bengaluru, Karnataka",Customer Support,₹2.5-4 LPA,Consumer services organization operating a national customer support center.,"Respond to customer queries through approved support channels, document issues and coordinate with internal teams. Applicants can review the company career page before applying.","Good written and verbal communication, basic computer skills and willingness to work shifts. Applicants can review the company career page before applying.","Paid leave, insurance and structured onboarding. Applicants can review the company career page before applying.",0,1,1,Full-time,0-1 years,Any Graduate,Customer Service,Support,0
1148,Marketing Intern,"Hyderabad, Telangana",Marketing,₹5-9 LPA,Digital marketing agency working with small and medium businesses.,"Assist with social media calendars, market research, content planning and campaign reporting. Applicants can review the company career page before applying.","Interest in digital marketing, communication skills and basic spreadsheet knowledge. Applicants can review the company career page before applying.","Certificate, mentorship and internship completion letter. Applicants can review the company career page before applying.",0,1,1,Internship,0-1 years,Any Graduate,Marketing,Marketing,0
1275,Online Recruitment Agent,Remote,,"₹1,00,000 per month",International company expanding rapidly.,Urgent hiring. Work from anywhere and earn guaranteed high income. Contact our recruiter on WhatsApp and pay a refundable registration fee to secure your position. Contact the recruiter directly for fast approval.,No qualification or experience required. Contact the recruiter directly for fast approval.,Very high salary and immediate joining. Contact the recruiter directly for fast approval.,1,0,1,Part-time,Not required,Not required,Recruitment,Sales,1
1068,HR Executive,"Delhi, India",Human Resources,₹3-5 LPA,Growing services company with offices across India.,"Support recruitment, maintain employee records, coordinate interviews and assist with HR operations. Applicants can review the company career page before applying.","Good communication, MS Office and basic understanding of recruitment processes. Applicants can review the company career page before applying.","Paid leave, health benefits and training programs. Applicants can review the company career page before applying.",0,1,1,Full-time,1-2 years,Bachelor's Degree,Business Services,Human Resources,0
1229,Marketing Intern,"Hyderabad, Telangana",Marketing,"₹12,000-18,000 per month",Digital marketing agency working with small and medium businesses.,"Assist with social media calendars, market research, content planning and campaign reporting.","Interest in digital marketing, communication skills and basic spreadsheet knowledge.","Certificate, mentorship and internship completion letter.",0,1,1,Internship,0-1 years,Any Graduate,Marketing,Marketing,0
1070,Customer Support Associate,"Bengaluru, Karnataka",Customer Support,₹2.5-4 LPA,Consumer services organization operating a national customer support center.,"Respond to customer queries through approved support channels, document issues and coordinate with internal teams. Candidates should be comfortable working with cross-functional teams.","Good written and verbal communication, basic computer skills and willingness to work shifts. Candidates should be comfortable working with cross-functional teams.","Paid leave, insurance and structured onboarding. Candidates should be comfortable working with cross-functional teams.",0,1,1,Full-time,0-1 years,Any Graduate,Customer Service,Support,0
1032,Software Developer,"Mumbai, Maharashtra",Engineering,₹5-8 LPA,Established technology company developing enterprise software products.,"Develop and maintain web applications, collaborate with engineering teams, write clean code and participate in code reviews. Applicants can review the company career page before applying.","Bachelor degree or equivalent experience, Python or JavaScript, Git, SQL and problem solving skills. Applicants can review the company career page before applying.","Health insurance, paid leave, learning budget and hybrid work. Applicants can review the company career page before applying.",0,1,1,Full-time,1-3 years,Bachelor's Degree,Information Technology,Engineering,0
1184,Data Analyst,"Pune, Maharashtra",Analytics,₹4-7 LPA,Business analytics firm providing reporting and data services to clients.,"Prepare reports, clean datasets, build dashboards and work with business teams to identify trends. Applicants can review the company career page before applying.","SQL, Excel, basic Python, data visualization and analytical thinking. Applicants can review the company career page before applying.","Paid leave, medical coverage and professional development. Applicants can review the company career page before applying.",0,1,1,Full-time,0-2 years,Bachelor's Degree,Analytics,Data Analysis,0
1266,Easy Online Typing Job,Remote,,"₹50,000-₹90,000 per month",,"Earn money by typing simple documents from home. Limited vacancies. Apply urgently through Telegram and pay a small security fee before receiving work. Limited seats available, act immediately. Registration fee of ₹999 is required before joining.","Basic typing only. No experience needed. Limited seats available, act immediately.","Guaranteed earnings and work from home. Limited seats available, act immediately.",1,0,1,Part-time,No experience,Not required,Data Entry,Administrative,1
1226,Marketing Intern,"Hyderabad, Telangana",Marketing,"₹12,000-18,000 per month",Digital marketing agency working with small and medium businesses.,"Assist with social media calendars, market research, content planning and campaign reporting. Candidates should be comfortable working with cross-functional teams.","Interest in digital marketing, communication skills and basic spreadsheet knowledge. Candidates should be comfortable working with cross-functional teams.","Certificate, mentorship and internship completion letter. Candidates should be comfortable working with cross-functional teams.",0,1,1,Full-time,0-1 years,Any Graduate,Marketing,Marketing,0
1141,HR Executive,"Delhi, India",Human Resources,₹4-8 LPA,Growing services company with offices across India.,"Support recruitment, maintain employee records, coordinate interviews and assist with HR operations.","Good communication, MS Office and basic understanding of recruitment processes.","Paid leave, health benefits and training programs.",0,1,1,Full-time,1-2 years,Bachelor's Degree,Business Services,Human Resources,0
1019,Customer Support Associate,"Bengaluru, Karnataka",Customer Support,₹2.5-4 LPA,Consumer services organization operating a national customer support center.,"Respond to customer queries through approved support channels, document issues and coordinate with internal teams. The selected candidate will complete a standard interview process.","Good written and verbal communication, basic computer skills and willingness to work shifts. The selected candidate will complete a standard interview process.","Paid leave, insurance and structured onboarding. The selected candidate will complete a standard interview process.",0,1,1,Contract,0-1 years,Any Graduate,Customer Service,Support,0
1182,Data Analyst,"Pune, Maharashtra",Analytics,₹4-7 LPA,Business analytics firm providing reporting and data services to clients.,"Prepare reports, clean datasets, build dashboards and work with business teams to identify trends. Candidates should be comfortable working with cross-functional teams.","SQL, Excel, basic Python, data visualization and analytical thinking. Candidates should be comfortable working with cross-functional teams.","Paid leave, medical coverage and professional development. Candidates should be comfortable working with cross-functional teams.",0,1,1,Full-time,0-2 years,Bachelor's Degree,Analytics,Data Analysis,0
1097,Marketing Intern,"Hyderabad, Telangana",Marketing,"₹12,000-18,000 per month",Digital marketing agency working with small and medium businesses.,"Assist with social media calendars, market research, content planning and campaign reporting.","Interest in digital marketing, communication skills and basic spreadsheet knowledge.","Certificate, mentorship and internship completion letter.",0,1,1,Internship,0-1 years,Any Graduate,Marketing,Marketing,0
1133,Marketing Intern,"Pune, Maharashtra",Marketing,"₹12,000-18,000 per month",Digital marketing agency working with small and medium businesses.,"Assist with social media calendars, market research, content planning and campaign reporting.","Interest in digital marketing, communication skills and basic spreadsheet knowledge.","Certificate, mentorship and internship completion letter.",0,1,1,Internship,0-1 years,Any Graduate,Marketing,Marketing,0
1263,Online Recruitment Agent,Remote,,"₹1,00,000 per month",International company expanding rapidly.,Urgent hiring. Work from anywhere and earn guaranteed high income. Contact our recruiter on WhatsApp and pay a refundable registration fee to secure your position. Contact the recruiter directly for fast approval.,No qualification or experience required. Contact the recruiter directly for fast approval.,Very high salary and immediate joining. Contact the recruiter directly for fast approval.,1,0,1,Part-time,Not required,Not required,Recruitment,Sales,1
1087,Software Developer,"Mumbai, Maharashtra",Engineering,₹5-8 LPA,Established technology company developing enterprise software products.,"Develop and maintain web applications, collaborate with engineering teams, write clean code and participate in code reviews. The selected candidate will complete a standard interview process.","Bachelor degree or equivalent experience, Python or JavaScript, Git, SQL and problem solving skills. The selected candidate will complete a standard interview process.","Health insurance, paid leave, learning budget and hybrid work. The selected candidate will complete a standard interview process.",0,1,1,Full-time,1-3 years,Bachelor's Degree,Information Technology,Engineering,0
1249,Online Recruitment Agent,Remote,,"₹1,00,000 per month",International company expanding rapidly.,Urgent hiring. Work from anywhere and earn guaranteed high income. Contact our recruiter on WhatsApp and pay a refundable registration fee to secure your position. Apply now to avoid losing this opportunity. Recruiter can be reached through WhatsApp.,No qualification or experience required. Apply now to avoid losing this opportunity.,Very high salary and immediate joining. Apply now to avoid losing this opportunity.,1,1,1,Part-time,Not required,Not required,Recruitment,Sales,1
1246,Online Recruitment Agent,Remote,,"₹1,00,000 per month",International company expanding rapidly.,"Urgent hiring. Work from anywhere and earn guaranteed high income. Contact our recruiter on WhatsApp and pay a refundable registration fee to secure your position. Limited seats available, act immediately. Registration fee of ₹999 is required before joining.","No qualification or experience required. Limited seats available, act immediately.","Very high salary and immediate joining. Limited seats available, act immediately.",1,0,1,Part-time,Not required,Not required,Recruitment,Sales,1
1117,Software Developer,"Mumbai, Maharashtra",Engineering,₹5-8 LPA,Established technology company developing enterprise software products.,"Develop and maintain web applications, collaborate with engineering teams, write clean code and participate in code reviews.","Bachelor degree or equivalent experience, Python or JavaScript, Git, SQL and problem solving skills.","Health insurance, paid leave, learning budget and hybrid work.",0,1,1,Full-time,1-3 years,Bachelor's Degree,Information Technology,Engineering,0
1147,Software Developer,"Mumbai, Maharashtra",Engineering,₹5-8 LPA,Established technology company developing enterprise software products.,"Develop and maintain web applications, collaborate with engineering teams, write clean code and participate in code reviews. The selected candidate will complete a standard interview process.","Bachelor degree or equivalent experience, Python or JavaScript, Git, SQL and problem solving skills. The selected candidate will complete a standard interview process.","Health insurance, paid leave, learning budget and hybrid work. The selected candidate will complete a standard interview process.",0,1,1,Full-time,1-3 years,Bachelor's Degree,Information Technology,Engineering,0
1293,Online Recruitment Agent,Remote,,"₹1,00,000 per month",International company expanding rapidly.,Urgent hiring. Work from anywhere and earn guaranteed high income. Contact our recruiter on WhatsApp and pay a refundable registration fee to secure your position. Apply now to avoid losing this opportunity.,No qualification or experience required. Apply now to avoid losing this opportunity.,Very high salary and immediate joining. Apply now to avoid losing this opportunity.,1,1,1,Part-time,Not required,Not required,Recruitment,Sales,1
1198,Customer Support Associate,"Bengaluru, Karnataka",Customer Support,₹2.5-4 LPA,Consumer services organization operating a national customer support center.,"Respond to customer queries through approved support channels, document issues and coordinate with internal teams. Candidates should be comfortable working with cross-functional teams.","Good written and verbal communication, basic computer skills and willingness to work shifts. Candidates should be comfortable working with cross-functional teams.","Paid leave, insurance and structured onboarding. Candidates should be comfortable working with cross-functional teams.",0,1,1,Full-time,0-1 years,Any Graduate,Customer Service,Support,0
1207,Data Analyst,"Pune, Maharashtra",Analytics,₹4-7 LPA,Business analytics firm providing reporting and data services to clients.,"Prepare reports, clean datasets, build dashboards and work with business teams to identify trends. The selected candidate will complete a standard interview process.","SQL, Excel, basic Python, data visualization and analytical thinking. The selected candidate will complete a standard interview process.","Paid leave, medical coverage and professional development. The selected candidate will complete a standard interview process.",0,1,1,Full-time,0-2 years,Bachelor's Degree,Analytics,Data Analysis,0
1056,Data Analyst,"Delhi, India",Analytics,₹4-7 LPA,Business analytics firm providing reporting and data services to clients.,"Prepare reports, clean datasets, build dashboards and work with business teams to identify trends. Applicants can review the company career page before applying.","SQL, Excel, basic Python, data visualization and analytical thinking. Applicants can review the company career page before applying.","Paid leave, medical coverage and professional development. Applicants can review the company career page before applying.",0,1,1,Full-time,0-2 years,Bachelor's Degree,Analytics,Data Analysis,0
1173,Software Developer,"Mumbai, Maharashtra",Engineering,₹5-8 LPA,Established technology company developing enterprise software products.,"Develop and maintain web applications, collaborate with engineering teams, write clean code and participate in code reviews.","Bachelor degree or equivalent experience, Python or JavaScript, Git, SQL and problem solving skills.","Health insurance, paid leave, learning budget and hybrid work.",0,1,1,Full-time,1-3 years,Bachelor's Degree,Information Technology,Engineering,0
1185,Software Developer,"Mumbai, Maharashtra",Engineering,₹5-8 LPA,Established technology company developing enterprise software products.,"Develop and maintain web applications, collaborate with engineering teams, write clean code and participate in code reviews.","Bachelor degree or equivalent experience, Python or JavaScript, Git, SQL and problem solving skills.","Health insurance, paid leave, learning budget and hybrid work.",0,1,1,Full-time,1-3 years,Bachelor's Degree,Information Technology,Engineering,0
1168,Software Developer,"Mumbai, Maharashtra",Engineering,₹5-8 LPA,Established technology company developing enterprise software products.,"Develop and maintain web applications, collaborate with engineering teams, write clean code and participate in code reviews. Applicants can review the company career page before applying.","Bachelor degree or equivalent experience, Python or JavaScript, Git, SQL and problem solving skills. Applicants can review the company career page before applying.","Health insurance, paid leave, learning budget and hybrid work. Applicants can review the company career page before applying.",0,1,1,Full-time,1-3 years,Bachelor's Degree,Information Technology,Engineering,0
1140,Customer Support Associate,"Bengaluru, Karnataka",Customer Support,₹2.5-4 LPA,Consumer services organization operating a national customer support center.,"Respond to customer queries through approved support channels, document issues and coordinate with internal teams. Applicants can review the company career page before applying.","Good written and verbal communication, basic computer skills and willingness to work shifts. Applicants can review the company career page before applying.","Paid leave, insurance and structured onboarding. Applicants can review the company career page before applying.",0,1,1,Full-time,0-1 years,Any Graduate,Customer Service,Support,0
1254,Work From Home Data Entry,Remote,,"₹80,000 per week",,"Earn huge income from home with no experience required. Start immediately and receive guaranteed weekly payments. Limited seats available, act immediately.","No experience needed. Anyone can apply. Limited seats available, act immediately.","Guaranteed income, instant joining and flexible hours. Limited seats available, act immediately.",1,0,1,Part-time,No experience,Not required,Data Entry,Administrative,1
1039,Data Analyst,"Pune, Maharashtra",Analytics,₹4-7 LPA,Business analytics firm providing reporting and data services to clients.,"Prepare reports, clean datasets, build dashboards and work with business teams to identify trends. The selected candidate will complete a standard interview process.","SQL, Excel, basic Python, data visualization and analytical thinking. The selected candidate will complete a standard interview process.","Paid leave, medical coverage and professional development. The selected candidate will complete a standard interview process.",0,1,1,Full-time,0-2 years,Bachelor's Degree,Analytics,Data Analysis,0
1126,Software Developer,"Mumbai, Maharashtra",Engineering,₹5-8 LPA,Established technology company developing enterprise software products.,"Develop and maintain web applications, collaborate with engineering teams, write clean code and participate in code reviews. Candidates should be comfortable working with cross-functional teams.","Bachelor degree or equivalent experience, Python or JavaScript, Git, SQL and problem solving skills. Candidates should be comfortable working with cross-functional teams.","Health insurance, paid leave, learning budget and hybrid work. Candidates should be comfortable working with cross-functional teams.",0,1,1,Full-time,1-3 years,Bachelor's Degree,Information Technology,Engineering,0
1196,Customer Support Associate,"Bengaluru, Karnataka",Customer Support,₹2.5-4 LPA,Consumer services organization operating a national customer support center.,"Respond to customer queries through approved support channels, document issues and coordinate with internal teams. Applicants can review the company career page before applying.","Good written and verbal communication, basic computer skills and willingness to work shifts. Applicants can review the company career page before applying.","Paid leave, insurance and structured onboarding. Applicants can review the company career page before applying.",0,1,1,Full-time,0-1 years,Any Graduate,Customer Service,Support,0
1284,Easy Online Typing Job,Remote,,"₹50,000-₹90,000 per month",,Earn money by typing simple documents from home. Limited vacancies. Apply urgently through Telegram and pay a small security fee before receiving work. No interview is required before joining.,Basic typing only. No experience needed. No interview is required before joining.,Guaranteed earnings and work from home. No interview is required before joining.,1,0,1,Part-time,No experience,Not required,Data Entry,Administrative,1
1138,Data Analyst,"Pune, Maharashtra",Analytics,₹4-7 LPA,Business analytics firm providing reporting and data services to clients.,"Prepare reports, clean datasets, build dashboards and work with business teams to identify trends. Candidates should be comfortable working with cross-functional teams.","SQL, Excel, basic Python, data visualization and analytical thinking. Candidates should be comfortable working with cross-functional teams.","Paid leave, medical coverage and professional development. Candidates should be comfortable working with cross-functional teams.",0,1,1,Full-time,0-2 years,Bachelor's Degree,Analytics,Data Analysis,0
1113,Data Analyst,"Pune, Maharashtra",Analytics,₹4-8 LPA,Business analytics firm providing reporting and data services to clients.,"Prepare reports, clean datasets, build dashboards and work with business teams to identify trends.","SQL, Excel, basic Python, data visualization and analytical thinking.","Paid leave, medical coverage and professional development.",0,1,1,Full-time,0-2 years,Bachelor's Degree,Analytics,Data Analysis,0
1169,Customer Support Associate,"Bengaluru, Karnataka",Customer Support,₹4-8 LPA,Consumer services organization operating a national customer support center.,"Respond to customer queries through approved support channels, document issues and coordinate with internal teams.","Good written and verbal communication, basic computer skills and willingness to work shifts.","Paid leave, insurance and structured onboarding.",0,1,1,Full-time,0-1 years,Any Graduate,Customer Service,Support,0
1118,Marketing Intern,"Hyderabad, Telangana",Marketing,"₹12,000-18,000 per month",Digital marketing agency working with small and medium businesses.,"Assist with social media calendars, market research, content planning and campaign reporting. Candidates should be comfortable working with cross-functional teams.","Interest in digital marketing, communication skills and basic spreadsheet knowledge. Candidates should be comfortable working with cross-functional teams.","Certificate, mentorship and internship completion letter. Candidates should be comfortable working with cross-functional teams.",0,1,1,Contract,0-1 years,Any Graduate,Marketing,Marketing,0
1278,International Work Opportunity,Remote,Operations,"₹75,000 per month",Global business opportunity team,"Immediate joining available. Guaranteed job and guaranteed income. Send your ID documents to the recruiter and pay registration charges to complete onboarding. Limited seats available, act immediately.","Anyone above 18 can apply. Limited seats available, act immediately.","High salary, flexible hours and fast promotion. Limited seats available, act immediately.",1,0,1,Full-time,No experience,Any,Other,Operations,1
1272,Work From Home Data Entry,Remote,,"₹80,000 per week",,Earn huge income from home with no experience required. Start immediately and receive guaranteed weekly payments. No interview is required before joining.,No experience needed. Anyone can apply. No interview is required before joining.,"Guaranteed income, instant joining and flexible hours. No interview is required before joining.",1,0,1,Part-time,No experience,Not required,Data Entry,Administrative,1
1156,Software Developer,"Mumbai, Maharashtra",Engineering,₹5-8 LPA,Established technology company developing enterprise software products.,"Develop and maintain web applications, collaborate with engineering teams, write clean code and participate in code reviews. Applicants can review the company career page before applying.","Bachelor degree or equivalent experience, Python or JavaScript, Git, SQL and problem solving skills. Applicants can review the company career page before applying.","Health insurance, paid leave, learning budget and hybrid work. Applicants can review the company career page before applying.",0,1,1,Full-time,1-3 years,Bachelor's Degree,Information Technology,Engineering,0
1177,Data Analyst,"Pune, Maharashtra",Analytics,₹4-7 LPA,Business analytics firm providing reporting and data services to clients.,"Prepare reports, clean datasets, build dashboards and work with business teams to identify trends.","SQL, Excel, basic Python, data visualization and analytical thinking.","Paid leave, medical coverage and professional development.",0,1,1,Full-time,0-2 years,Bachelor's Degree,Analytics,Data Analysis,0
1179,Marketing Intern,"Hyderabad, Telangana",Marketing,"₹12,000-18,000 per month",Digital marketing agency working with small and medium businesses.,"Assist with social media calendars, market research, content planning and campaign reporting. The selected candidate will complete a standard interview process.","Interest in digital marketing, communication skills and basic spreadsheet knowledge. The selected candidate will complete a standard interview process.","Certificate, mentorship and internship completion letter. The selected candidate will complete a standard interview process.",0,1,1,Internship,0-1 years,Any Graduate,Marketing,Marketing,0
1003,Data Analyst,"Pune, Maharashtra",Analytics,₹4-7 LPA,Business analytics firm providing reporting and data services to clients.,"Prepare reports, clean datasets, build dashboards and work with business teams to identify trends. The selected candidate will complete a standard interview process.","SQL, Excel, basic Python, data visualization and analytical thinking. The selected candidate will complete a standard interview process.","Paid leave, medical coverage and professional development. The selected candidate will complete a standard interview process.",0,1,1,Full-time,0-2 years,Bachelor's Degree,Analytics,Data Analysis,0
1116,Marketing Intern,"Hyderabad, Telangana",Marketing,"₹12,000-18,000 per month",Digital marketing agency working with small and medium businesses.,"Assist with social media calendars, market research, content planning and campaign reporting. Applicants can review the company career page before applying.","Interest in digital marketing, communication skills and basic spreadsheet knowledge. Applicants can review the company career page before applying.","Certificate, mentorship and internship completion letter. Applicants can review the company career page before applying.",0,1,1,Internship,0-1 years,Any Graduate,Marketing,Marketing,0
1144,Software Developer,"Pune, Maharashtra",Engineering,₹5-8 LPA,Established technology company developing enterprise software products.,"Develop and maintain web applications, collaborate with engineering teams, write clean code and participate in code reviews. Applicants can review the company career page before applying.","Bachelor degree or equivalent experience, Python or JavaScript, Git, SQL and problem solving skills. Applicants can review the company career page before applying.","Health insurance, paid leave, learning budget and hybrid work. Applicants can review the company career page before applying.",0,1,1,Full-time,1-3 years,Bachelor's Degree,Information Technology,Engineering,0
1178,Data Analyst,"Pune, Maharashtra",Analytics,₹4-7 LPA,Business analytics firm providing reporting and data services to clients.,"Prepare reports, clean datasets, build dashboards and work with business teams to identify trends. Candidates should be comfortable working with cross-functional teams.","SQL, Excel, basic Python, data visualization and analytical thinking. Candidates should be comfortable working with cross-functional teams.","Paid leave, medical coverage and professional development. Candidates should be comfortable working with cross-functional teams.",0,1,1,Full-time,0-2 years,Bachelor's Degree,Analytics,Data Analysis,0
1121,HR Executive,"Delhi, India",Human Resources,₹3-5 LPA,Growing services company with offices across India.,"Support recruitment, maintain employee records, coordinate interviews and assist with HR operations.","Good communication, MS Office and basic understanding of recruitment processes.","Paid leave, health benefits and training programs.",0,1,1,Full-time,1-2 years,Bachelor's Degree,Business Services,Human Resources,0
1211,Marketing Intern,"Hyderabad, Telangana",Marketing,₹4-8 LPA,Digital marketing agency working with small and medium businesses.,"Assist with social media calendars, market research, content planning and campaign reporting. The selected candidate will complete a standard interview process.","Interest in digital marketing, communication skills and basic spreadsheet knowledge. The selected candidate will complete a standard interview process.","Certificate, mentorship and internship completion letter. The selected candidate will complete a standard interview process.",0,1,1,Internship,0-1 years,Any Graduate,Marketing,Marketing,0
1261,Online Recruitment Agent,Remote,,"₹1,20,000 per month",International company expanding rapidly.,Urgent hiring. Work from anywhere and earn guaranteed high income. Contact our recruiter on WhatsApp and pay a refundable registration fee to secure your position. Apply now to avoid losing this opportunity. Registration fee of ₹999 is required before joining.,No qualification or experience required. Apply now to avoid losing this opportunity.,Very high salary and immediate joining. Apply now to avoid losing this opportunity.,1,1,1,Part-time,Not required,Not required,Recruitment,Sales,1
1128,Software Developer,"Mumbai, Maharashtra",Engineering,₹5-8 LPA,Established technology company developing enterprise software products.,"Develop and maintain web applications, collaborate with engineering teams, write clean code and participate in code reviews. Applicants can review the company career page before applying.","Bachelor degree or equivalent experience, Python or JavaScript, Git, SQL and problem solving skills. Applicants can review the company career page before applying.","Health insurance, paid leave, learning budget and hybrid work. Applicants can review the company career page before applying.",0,1,1,Full-time,1-3 years,Bachelor's Degree,Information Technology,Engineering,0
1075,Data Analyst,"Pune, Maharashtra",Analytics,₹4-7 LPA,Business analytics firm providing reporting and data services to clients.,"Prepare reports, clean datasets, build dashboards and work with business teams to identify trends. The selected candidate will complete a standard interview process.","SQL, Excel, basic Python, data visualization and analytical thinking. The selected candidate will complete a standard interview process.","Paid leave, medical coverage and professional development. The selected candidate will complete a standard interview process.",0,1,1,Full-time,0-2 years,Bachelor's Degree,Analytics,Data Analysis,0
1030,Marketing Intern,"Hyderabad, Telangana",Marketing,"₹12,000-18,000 per month",Digital marketing agency working with small and medium businesses.,"Assist with social media calendars, market research, content planning and campaign reporting. Candidates should be comfortable working with cross-functional teams.","Interest in digital marketing, communication skills and basic spreadsheet knowledge. Candidates should be comfortable working with cross-functional teams.","Certificate, mentorship and internship completion letter. Candidates should be comfortable working with cross-functional teams.",0,1,1,Internship,0-1 years,Any Graduate,Marketing,Marketing,0
1084,Marketing Intern,"Hyderabad, Telangana",Marketing,"₹12,000-18,000 per month",Digital marketing agency working with small and medium businesses.,"Assist with social media calendars, market research, content planning and campaign reporting. Applicants can review the company career page before applying.","Interest in digital marketing, communication skills and basic spreadsheet knowledge. Applicants can review the company career page before applying.","Certificate, mentorship and internship completion letter. Applicants can review the company career page before applying.",0,1,1,Internship,0-1 years,Any Graduate,Marketing,Marketing,0
1270,Work From Home Data Entry,Remote,,"₹80,000 per week",,"Earn huge income from home with no experience required. Start immediately and receive guaranteed weekly payments. Limited seats available, act immediately.","No experience needed. Anyone can apply. Limited seats available, act immediately.","Guaranteed income, instant joining and flexible hours. Limited seats available, act immediately.",1,0,1,Part-time,No experience,Not required,Data Entry,Administrative,1
1108,Marketing Intern,"Hyderabad, Telangana",Marketing,"₹12,000-18,000 per month",Digital marketing agency working with small and medium businesses.,"Assist with social media calendars, market research, content planning and campaign reporting. Applicants can review the company career page before applying.","Interest in digital marketing, communication skills and basic spreadsheet knowledge. Applicants can review the company career page before applying.","Certificate, mentorship and internship completion letter. Applicants can review the company career page before applying.",0,1,1,Internship,0-1 years,Any Graduate,Marketing,Marketing,0
1224,Marketing Intern,"Hyderabad, Telangana",Marketing,"₹12,000-18,000 per month",Digital marketing agency working with small and medium businesses.,"Assist with social media calendars, market research, content planning and campaign reporting. Applicants can review the company career page before applying.","Interest in digital marketing, communication skills and basic spreadsheet knowledge. Applicants can review the company career page before applying.","Certificate, mentorship and internship completion letter. Applicants can review the company career page before applying.",0,1,1,Internship,0-1 years,Any Graduate,Marketing,Marketing,0
1159,HR Executive,"Delhi, India",Human Resources,₹3-5 LPA,Growing services company with offices across India.,"Support recruitment, maintain employee records, coordinate interviews and assist with HR operations. The selected candidate will complete a standard interview process.","Good communication, MS Office and basic understanding of recruitment processes. The selected candidate will complete a standard interview process.","Paid leave, health benefits and training programs. The selected candidate will complete a standard interview process.",0,1,1,Full-time,1-2 years,Bachelor's Degree,Business Services,Human Resources,0
1281,Work From Home Data Entry,Remote,,"₹60,000 per week",,Earn huge income from home with no experience required. Start immediately and receive guaranteed weekly payments. Apply now to avoid losing this opportunity. Registration fee of ₹999 is required before joining. Recruiter can be reached through WhatsApp.,No experience needed. Anyone can apply. Apply now to avoid losing this opportunity.,"Guaranteed income, instant joining and flexible hours. Apply now to avoid losing this opportunity.",1,1,1,Part-time,No experience,Not required,Data Entry,Administrative,1
1247,Easy Online Typing Job,Remote,,"₹50,000-₹90,000 per month",,Earn money by typing simple documents from home. Limited vacancies. Apply urgently through Telegram and pay a small security fee before receiving work. Contact the recruiter directly for fast approval. Share your Aadhaar or bank details for verification.,Basic typing only. No experience needed. Contact the recruiter directly for fast approval.,Guaranteed earnings and work from home. Contact the recruiter directly for fast approval.,1,0,0,Part-time,No experience,Not required,Data Entry,Administrative,1
1223,Data Analyst,"Pune, Maharashtra",Analytics,₹4-7 LPA,Business analytics firm providing reporting and data services to clients.,"Prepare reports, clean datasets, build dashboards and work with business teams to identify trends. The selected candidate will complete a standard interview process.","SQL, Excel, basic Python, data visualization and analytical thinking. The selected candidate will complete a standard interview process.","Paid leave, medical coverage and professional development. The selected candidate will complete a standard interview process.",0,1,1,Full-time,0-2 years,Bachelor's Degree,Analytics,Data Analysis,0
1066,Data Analyst,"Pune, Maharashtra",Analytics,₹4-7 LPA,Business analytics firm providing reporting and data services to clients.,"Prepare reports, clean datasets, build dashboards and work with business teams to identify trends. Candidates should be comfortable working with cross-functional teams.","SQL, Excel, basic Python, data visualization and analytical thinking. Candidates should be comfortable working with cross-functional teams.","Paid leave, medical coverage and professional development. Candidates should be comfortable working with cross-functional teams.",0,1,1,Full-time,0-2 years,Bachelor's Degree,Analytics,Data Analysis,0
1199,Software Developer,"Bengaluru, Karnataka",Engineering,₹5-8 LPA,Established technology company developing enterprise software products.,"Develop and maintain web applications, collaborate with engineering teams, write clean code and participate in code reviews. The selected candidate will complete a standard interview process.","Bachelor degree or equivalent experience, Python or JavaScript, Git, SQL and problem solving skills. The selected candidate will complete a standard interview process.","Health insurance, paid leave, learning budget and hybrid work. The selected candidate will complete a standard interview process.",0,1,1,Contract,1-3 years,Bachelor's Degree,Information Technology,Engineering,0
1086,Software Developer,"Mumbai, Maharashtra",Engineering,₹5-8 LPA,Established technology company developing enterprise software products.,"Develop and maintain web applications, collaborate with engineering teams, write clean code and participate in code reviews. Candidates should be comfortable working with cross-functional teams.","Bachelor degree or equivalent experience, Python or JavaScript, Git, SQL and problem solving skills. Candidates should be comfortable working with cross-functional teams.","Health insurance, paid leave, learning budget and hybrid work. Candidates should be comfortable working with cross-functional teams.",0,1,1,Full-time,1-3 years,Bachelor's Degree,Information Technology,Engineering,0
1214,Data Analyst,"Pune, Maharashtra",Analytics,₹4-7 LPA,Business analytics firm providing reporting and data services to clients.,"Prepare reports, clean datasets, build dashboards and work with business teams to identify trends. Candidates should be comfortable working with cross-functional teams.","SQL, Excel, basic Python, data visualization and analytical thinking. Candidates should be comfortable working with cross-functional teams.","Paid leave, medical coverage and professional development. Candidates should be comfortable working with cross-functional teams.",0,1,1,Full-time,0-2 years,Bachelor's Degree,Analytics,Data Analysis,0
1160,Customer Support Associate,"Bengaluru, Karnataka",Customer Support,₹2.5-4 LPA,Consumer services organization operating a national customer support center.,"Respond to customer queries through approved support channels, document issues and coordinate with internal teams. Applicants can review the company career page before applying.","Good written and verbal communication, basic computer skills and willingness to work shifts. Applicants can review the company career page before applying.","Paid leave, insurance and structured onboarding. Applicants can review the company career page before applying.",0,1,1,Full-time,0-1 years,Any Graduate,Customer Service,Support,0
1013,Software Developer,"Mumbai, Maharashtra",Engineering,₹5-8 LPA,Established technology company developing enterprise software products.,"Develop and maintain web applications, collaborate with engineering teams, write clean code and participate in code reviews.","Bachelor degree or equivalent experience, Python or JavaScript, Git, SQL and problem solving skills.","Health insurance, paid leave, learning budget and hybrid work.",0,1,1,Full-time,1-3 years,Bachelor's Degree,Information Technology,Engineering,0
1036,Software Developer,"Mumbai, Maharashtra",Engineering,₹5-9 LPA,Established technology company developing enterprise software products.,"Develop and maintain web applications, collaborate with engineering teams, write clean code and participate in code reviews. Applicants can review the company career page before applying.","Bachelor degree or equivalent experience, Python or JavaScript, Git, SQL and problem solving skills. Applicants can review the company career page before applying.","Health insurance, paid leave, learning budget and hybrid work. Applicants can review the company career page before applying.",0,1,1,Full-time,1-3 years,Bachelor's Degree,Information Technology,Engineering,0
1029,HR Executive,"Delhi, India",Human Resources,₹4-8 LPA,Growing services company with offices across India.,"Support recruitment, maintain employee records, coordinate interviews and assist with HR operations.","Good communication, MS Office and basic understanding of recruitment processes.","Paid leave, health benefits and training programs.",0,1,1,Full-time,1-2 years,Bachelor's Degree,Business Services,Human Resources,0
1143,Customer Support Associate,"Bengaluru, Karnataka",Customer Support,₹2.5-4 LPA,Consumer services organization operating a national customer support center.,"Respond to customer queries through approved support channels, document issues and coordinate with internal teams. The selected candidate will complete a standard interview process.","Good written and verbal communication, basic computer skills and willingness to work shifts. The selected candidate will complete a standard interview process.","Paid leave, insurance and structured onboarding. The selected candidate will complete a standard interview process.",0,1,1,Full-time,0-1 years,Any Graduate,Customer Service,Support,0
1285,Online Recruitment Agent,Remote,,"₹1,00,000 per month",International company expanding rapidly.,Urgent hiring. Work from anywhere and earn guaranteed high income. Contact our recruiter on WhatsApp and pay a refundable registration fee to secure your position. Apply now to avoid losing this opportunity.,No qualification or experience required. Apply now to avoid losing this opportunity.,Very high salary and immediate joining. Apply now to avoid losing this opportunity.,1,1,1,Part-time,Not required,Not required,Recruitment,Sales,1
1255,Easy Online Typing Job,Remote,,"₹50,000-₹90,000 per month",,Earn money by typing simple documents from home. Limited vacancies. Apply urgently through Telegram and pay a small security fee before receiving work. Contact the recruiter directly for fast approval.,Basic typing only. No experience needed. Contact the recruiter directly for fast approval.,Guaranteed earnings and work from home. Contact the recruiter directly for fast approval.,1,0,1,Part-time,No experience,Not required,Data Entry,Administrative,1
1171,Customer Support Associate,"Bengaluru, Karnataka",Customer Support,₹2.5-4 LPA,Consumer services organization operating a national customer support center.,"Respond to customer queries through approved support channels, document issues and coordinate with internal teams. The selected candidate will complete a standard interview process.","Good written and verbal communication, basic computer skills and willingness to work shifts. The selected candidate will complete a standard interview process.","Paid leave, insurance and structured onboarding. The selected candidate will complete a standard interview process.",0,1,1,Full-time,0-1 years,Any Graduate,Customer Service,Support,0
1052,Software Developer,"Mumbai, Maharashtra",Engineering,₹5-8 LPA,Established technology company developing enterprise software products.,"Develop and maintain web applications, collaborate with engineering teams, write clean code and participate in code reviews. Applicants can review the company career page before applying.","Bachelor degree or equivalent experience, Python or JavaScript, Git, SQL and problem solving skills. Applicants can review the company career page before applying.","Health insurance, paid leave, learning budget and hybrid work. Applicants can review the company career page before applying.",0,1,1,Full-time,1-3 years,Bachelor's Degree,Information Technology,Engineering,0
1096,HR Executive,"Delhi, India",Human Resources,₹3-5 LPA,Growing services company with offices across India.,"Support recruitment, maintain employee records, coordinate interviews and assist with HR operations. Applicants can review the company career page before applying.","Good communication, MS Office and basic understanding of recruitment processes. Applicants can review the company career page before applying.","Paid leave, health benefits and training programs. Applicants can review the company career page before applying.",0,1,1,Full-time,1-2 years,Bachelor's Degree,Business Services,Human Resources,0
1209,HR Executive,"Delhi, India",Human Resources,₹3-5 LPA,Growing services company with offices across India.,"Support recruitment, maintain employee records, coordinate interviews and assist with HR operations.","Good communication, MS Office and basic understanding of recruitment processes.","Paid leave, health benefits and training programs.",0,1,1,Full-time,1-2 years,Bachelor's Degree,Business Services,Human Resources,0
1248,Work From Home Data Entry,Remote,,"₹80,000 per week",,Earn huge income from home with no experience required. Start immediately and receive guaranteed weekly payments. No interview is required before joining.,No experience needed. Anyone can apply. No interview is required before joining.,"Guaranteed income, instant joining and flexible hours. No interview is required before joining.",1,0,1,Part-time,No experience,Not required,Data Entry,Administrative,1
1042,Data Analyst,"Pune, Maharashtra",Analytics,₹4-7 LPA,Business analytics firm providing reporting and data services to clients.,"Prepare reports, clean datasets, build dashboards and work with business teams to identify trends. Candidates should be comfortable working with cross-functional teams.","SQL, Excel, basic Python, data visualization and analytical thinking. Candidates should be comfortable working with cross-functional teams.","Paid leave, medical coverage and professional development. Candidates should be comfortable working with cross-functional teams.",0,1,1,Full-time,0-2 years,Bachelor's Degree,Analytics,Data Analysis,0
1090,Customer Support Associate,"Bengaluru, Karnataka",Customer Support,₹2.5-4 LPA,Consumer services organization operating a national customer support center.,"Respond to customer queries through approved support channels, document issues and coordinate with internal teams. Candidates should be comfortable working with cross-functional teams.","Good written and verbal communication, basic computer skills and willingness to work shifts. Candidates should be comfortable working with cross-functional teams.","Paid leave, insurance and structured onboarding. Candidates should be comfortable working with cross-functional teams.",0,1,1,Full-time,0-1 years,Any Graduate,Customer Service,Support,0
1245,Easy Online Typing Job,Remote,,"₹50,000-₹90,000 per month",,Earn money by typing simple documents from home. Limited vacancies. Apply urgently through Telegram and pay a small security fee before receiving work. Apply now to avoid losing this opportunity.,Basic typing only. No experience needed. Apply now to avoid losing this opportunity.,Guaranteed earnings and work from home. Apply now to avoid losing this opportunity.,1,1,1,Part-time,No experience,Not required,Data Entry,Administrative,1
1137,Marketing Intern,"Hyderabad, Telangana",Marketing,"₹12,000-18,000 per month",Digital marketing agency working with small and medium businesses.,"Assist with social media calendars, market research, content planning and campaign reporting.","Interest in digital marketing, communication skills and basic spreadsheet knowledge.","Certificate, mentorship and internship completion letter.",0,1,1,Internship,0-1 years,Any Graduate,Marketing,Marketing,0
1027,Software Developer,"Mumbai, Maharashtra",Engineering,₹5-8 LPA,Established technology company developing enterprise software products.,"Develop and maintain web applications, collaborate with engineering teams, write clean code and participate in code reviews. The selected candidate will complete a standard interview process.","Bachelor degree or equivalent experience, Python or JavaScript, Git, SQL and problem solving skills. The selected candidate will complete a standard interview process.","Health insurance, paid leave, learning budget and hybrid work. The selected candidate will complete a standard interview process.",0,1,1,Full-time,1-3 years,Bachelor's Degree,Information Technology,Engineering,0
1294,Work From Home Data Entry,Remote,,"₹80,000 per week",,"Earn huge income from home with no experience required. Start immediately and receive guaranteed weekly payments. Limited seats available, act immediately.","No experience needed. Anyone can apply. Limited seats available, act immediately.","Guaranteed income, instant joining and flexible hours. Limited seats available, act immediately.",1,0,1,Part-time,No experience,Not required,Data Entry,Administrative,1
1142,Marketing Intern,"Hyderabad, Telangana",Marketing,"₹12,000-18,000 per month",Digital marketing agency working with small and medium businesses.,"Assist with social media calendars, market research, content planning and campaign reporting. Candidates should be comfortable working with cross-functional teams.","Interest in digital marketing, communication skills and basic spreadsheet knowledge. Candidates should be comfortable working with cross-functional teams.","Certificate, mentorship and internship completion letter. Candidates should be comfortable working with cross-functional teams.",0,1,1,Internship,0-1 years,Any Graduate,Marketing,Marketing,0
1201,HR Executive,"Delhi, India",Human Resources,₹3-5 LPA,Growing services company with offices across India.,"Support recruitment, maintain employee records, coordinate interviews and assist with HR operations.","Good communication, MS Office and basic understanding of recruitment processes.","Paid leave, health benefits and training programs.",0,1,1,Full-time,1-2 years,Bachelor's Degree,Business Services,Human Resources,0
1001,Software Developer,"Pune, Maharashtra",Engineering,₹3-6 LPA,Established technology company developing enterprise software products.,"Develop and maintain web applications, collaborate with engineering teams, write clean code and participate in code reviews.","Bachelor degree or equivalent experience, Python or JavaScript, Git, SQL and problem solving skills.","Health insurance, paid leave, learning budget and hybrid work.",0,1,1,Contract,1-3 years,Bachelor's Degree,Information Technology,Engineering,0
1269,Work From Home Data Entry,Remote,,"₹80,000 per week",,Earn huge income from home with no experience required. Start immediately and receive guaranteed weekly payments. Apply now to avoid losing this opportunity.,No experience needed. Anyone can apply. Apply now to avoid losing this opportunity.,"Guaranteed income, instant joining and flexible hours. Apply now to avoid losing this opportunity.",1,1,1,Part-time,No experience,Not required,Data Entry,Administrative,1
1273,Work From Home Data Entry,Remote,,"₹80,000 per week",,Earn huge income from home with no experience required. Start immediately and receive guaranteed weekly payments. Apply now to avoid losing this opportunity. Recruiter can be reached through WhatsApp.,No experience needed. Anyone can apply. Apply now to avoid losing this opportunity.,"Guaranteed income, instant joining and flexible hours. Apply now to avoid losing this opportunity.",1,1,1,Part-time,No experience,Not required,Data Entry,Administrative,1
1101,HR Executive,"Delhi, India",Human Resources,₹3-5 LPA,Growing services company with offices across India.,"Support recruitment, maintain employee records, coordinate interviews and assist with HR operations.","Good communication, MS Office and basic understanding of recruitment processes.","Paid leave, health benefits and training programs.",0,1,1,Full-time,1-2 years,Bachelor's Degree,Business Services,Human Resources,0
1260,Work From Home Data Entry,Remote,,"₹80,000 per week",,Earn huge income from home with no experience required. Start immediately and receive guaranteed weekly payments. No interview is required before joining.,No experience needed. Anyone can apply. No interview is required before joining.,"Guaranteed income, instant joining and flexible hours. No interview is required before joining.",1,0,1,Part-time,No experience,Not required,Data Entry,Administrative,1
1256,Work From Home Data Entry,Remote,,"₹80,000 per week",,Earn huge income from home with no experience required. Start immediately and receive guaranteed weekly payments. No interview is required before joining. Registration fee of ₹999 is required before joining.,No experience needed. Anyone can apply. No interview is required before joining.,"Guaranteed income, instant joining and flexible hours. No interview is required before joining.",1,0,0,Part-time,No experience,Not required,Data Entry,Administrative,1
1172,Customer Support Associate,"Bengaluru, Karnataka",Customer Support,₹2.5-4 LPA,Consumer services organization operating a national customer support center.,"Respond to customer queries through approved support channels, document issues and coordinate with internal teams. Applicants can review the company career page before applying.","Good written and verbal communication, basic computer skills and willingness to work shifts. Applicants can review the company career page before applying.","Paid leave, insurance and structured onboarding. Applicants can review the company career page before applying.",0,1,1,Full-time,0-1 years,Any Graduate,Customer Service,Support,0
1099,Software Developer,"Mumbai, Maharashtra",Engineering,₹5-9 LPA,Established technology company developing enterprise software products.,"Develop and maintain web applications, collaborate with engineering teams, write clean code and participate in code reviews. The selected candidate will complete a standard interview process.","Bachelor degree or equivalent experience, Python or JavaScript, Git, SQL and problem solving skills. The selected candidate will complete a standard interview process.","Health insurance, paid leave, learning budget and hybrid work. The selected candidate will complete a standard interview process.",0,1,1,Full-time,1-3 years,Bachelor's Degree,Information Technology,Engineering,0
1037,HR Executive,"Delhi, India",Human Resources,₹3-5 LPA,Growing services company with offices across India.,"Support recruitment, maintain employee records, coordinate interviews and assist with HR operations.","Good communication, MS Office and basic understanding of recruitment processes.","Paid leave, health benefits and training programs.",0,1,1,Contract,1-2 years,Bachelor's Degree,Business Services,Human Resources,0
1062,Data Analyst,"Pune, Maharashtra",Analytics,₹4-7 LPA,Business analytics firm providing reporting and data services to clients.,"Prepare reports, clean datasets, build dashboards and work with business teams to identify trends. Candidates should be comfortable working with cross-functional teams.","SQL, Excel, basic Python, data visualization and analytical thinking. Candidates should be comfortable working with cross-functional teams.","Paid leave, medical coverage and professional development. Candidates should be comfortable working with cross-functional teams.",0,1,1,Full-time,0-2 years,Bachelor's Degree,Analytics,Data Analysis,0
1151,Data Analyst,"Pune, Maharashtra",Analytics,₹4-7 LPA,Business analytics firm providing reporting and data services to clients.,"Prepare reports, clean datasets, build dashboards and work with business teams to identify trends. The selected candidate will complete a standard interview process.","SQL, Excel, basic Python, data visualization and analytical thinking. The selected candidate will complete a standard interview process.","Paid leave, medical coverage and professional development. The selected candidate will complete a standard interview process.",0,1,1,Full-time,0-2 years,Bachelor's Degree,Analytics,Data Analysis,0
1237,HR Executive,"Delhi, India",Human Resources,₹3-5 LPA,Growing services company with offices across India.,"Support recruitment, maintain employee records, coordinate interviews and assist with HR operations.","Good communication, MS Office and basic understanding of recruitment processes.","Paid leave, health benefits and training programs.",0,1,1,Full-time,1-2 years,Bachelor's Degree,Business Services,Human Resources,0
1203,Marketing Intern,"Hyderabad, Telangana",Marketing,"₹12,000-18,000 per month",Digital marketing agency working with small and medium businesses.,"Assist with social media calendars, market research, content planning and campaign reporting. The selected candidate will complete a standard interview process.","Interest in digital marketing, communication skills and basic spreadsheet knowledge. The selected candidate will complete a standard interview process.","Certificate, mentorship and internship completion letter. The selected candidate will complete a standard interview process.",0,1,1,Internship,0-1 years,Any Graduate,Marketing,Marketing,0
1243,Work From Home Data Entry,Remote,,"₹80,000 per week",,Earn huge income from home with no experience required. Start immediately and receive guaranteed weekly payments. Contact the recruiter directly for fast approval.,No experience needed. Anyone can apply. Contact the recruiter directly for fast approval.,"Guaranteed income, instant joining and flexible hours. Contact the recruiter directly for fast approval.",1,0,1,Part-time,No experience,Not required,Data Entry,Administrative,1
1012,Marketing Intern,"Hyderabad, Telangana",Marketing,"₹12,000-18,000 per month",Digital marketing agency working with small and medium businesses.,"Assist with social media calendars, market research, content planning and campaign reporting. Applicants can review the company career page before applying.","Interest in digital marketing, communication skills and basic spreadsheet knowledge. Applicants can review the company career page before applying.","Certificate, mentorship and internship completion letter. Applicants can review the company career page before applying.",0,1,1,Internship,0-1 years,Any Graduate,Marketing,Marketing,0
1297,Online Recruitment Agent,Remote,,"₹1,00,000 per month",International company expanding rapidly.,Urgent hiring. Work from anywhere and earn guaranteed high income. Contact our recruiter on WhatsApp and pay a refundable registration fee to secure your position. Apply now to avoid losing this opportunity. Recruiter can be reached through WhatsApp.,No qualification or experience required. Apply now to avoid losing this opportunity.,Very high salary and immediate joining. Apply now to avoid losing this opportunity.,1,1,1,Part-time,Not required,Not required,Recruitment,Sales,1
1268,Easy Online Typing Job,Remote,,"₹50,000-₹90,000 per month",,Earn money by typing simple documents from home. Limited vacancies. Apply urgently through Telegram and pay a small security fee before receiving work. No interview is required before joining.,Basic typing only. No experience needed. No interview is required before joining.,Guaranteed earnings and work from home. No interview is required before joining.,1,0,0,Part-time,No experience,Not required,Data Entry,Administrative,1
1028,Customer Support Associate,"Bengaluru, Karnataka",Customer Support,₹2.5-4 LPA,Consumer services organization operating a national customer support center.,"Respond to customer queries through approved support channels, document issues and coordinate with internal teams. Applicants can review the company career page before applying.","Good written and verbal communication, basic computer skills and willingness to work shifts. Applicants can review the company career page before applying.","Paid leave, insurance and structured onboarding. Applicants can review the company career page before applying.",0,1,1,Full-time,0-1 years,Any Graduate,Customer Service,Support,0
1220,Data Analyst,"Pune, Maharashtra",Analytics,₹4-7 LPA,Business analytics firm providing reporting and data services to clients.,"Prepare reports, clean datasets, build dashboards and work with business teams to identify trends. Applicants can review the company career page before applying.","SQL, Excel, basic Python, data visualization and analytical thinking. Applicants can review the company career page before applying.","Paid leave, medical coverage and professional development. Applicants can review the company career page before applying.",0,1,1,Full-time,0-2 years,Bachelor's Degree,Analytics,Data Analysis,0
1005,Marketing Intern,"Hyderabad, Telangana",Marketing,"₹12,000-18,000 per month",Digital marketing agency working with small and medium businesses.,"Assist with social media calendars, market research, content planning and campaign reporting.","Interest in digital marketing, communication skills and basic spreadsheet knowledge.","Certificate, mentorship and internship completion letter.",0,1,1,Internship,0-1 years,Any Graduate,Marketing,Marketing,0
1123,Software Developer,"Mumbai, Maharashtra",Engineering,₹5-8 LPA,Established technology company developing enterprise software products.,"Develop and maintain web applications, collaborate with engineering teams, write clean code and participate in code reviews. The selected candidate will complete a standard interview process.","Bachelor degree or equivalent experience, Python or JavaScript, Git, SQL and problem solving skills. The selected candidate will complete a standard interview process.","Health insurance, paid leave, learning budget and hybrid work. The selected candidate will complete a standard interview process.",0,1,1,Full-time,1-3 years,Bachelor's Degree,Information Technology,Engineering,0
1033,Customer Support Associate,"Bengaluru, Karnataka",Customer Support,₹2.5-4 LPA,Consumer services organization operating a national customer support center.,"Respond to customer queries through approved support channels, document issues and coordinate with internal teams.","Good written and verbal communication, basic computer skills and willingness to work shifts.","Paid leave, insurance and structured onboarding.",0,1,1,Full-time,0-1 years,Any Graduate,Customer Service,Support,0
1205,Data Analyst,"Pune, Maharashtra",Analytics,₹4-7 LPA,Business analytics firm providing reporting and data services to clients.,"Prepare reports, clean datasets, build dashboards and work with business teams to identify trends.","SQL, Excel, basic Python, data visualization and analytical thinking.","Paid leave, medical coverage and professional development.",0,1,1,Full-time,0-2 years,Bachelor's Degree,Analytics,Data Analysis,0
1163,Marketing Intern,"Hyderabad, Telangana",Marketing,"₹12,000-18,000 per month",Digital marketing agency working with small and medium businesses.,"Assist with social media calendars, market research, content planning and campaign reporting. The selected candidate will complete a standard interview process.","Interest in digital marketing, communication skills and basic spreadsheet knowledge. The selected candidate will complete a standard interview process.","Certificate, mentorship and internship completion letter. The selected candidate will complete a standard interview process.",0,1,1,Contract,0-1 years,Any Graduate,Marketing,Marketing,0
1210,Software Developer,"Mumbai, Maharashtra",Engineering,₹5-8 LPA,Established technology company developing enterprise software products.,"Develop and maintain web applications, collaborate with engineering teams, write clean code and participate in code reviews. Candidates should be comfortable working with cross-functional teams.","Bachelor degree or equivalent experience, Python or JavaScript, Git, SQL and problem solving skills. Candidates should be comfortable working with cross-functional teams.","Health insurance, paid leave, learning budget and hybrid work. Candidates should be comfortable working with cross-functional teams.",0,1,1,Full-time,1-3 years,Bachelor's Degree,Information Technology,Engineering,0
1286,International Work Opportunity,Remote,Operations,"₹75,000 per month",Global business opportunity team,"Immediate joining available. Guaranteed job and guaranteed income. Send your ID documents to the recruiter and pay registration charges to complete onboarding. Limited seats available, act immediately. Registration fee of ₹999 is required before joining.","Anyone above 18 can apply. Limited seats available, act immediately.","High salary, flexible hours and fast promotion. Limited seats available, act immediately.",1,0,0,Full-time,No experience,Any,Other,Operations,1
1139,HR Executive,"Delhi, India",Human Resources,₹3-5 LPA,Growing services company with offices across India.,"Support recruitment, maintain employee records, coordinate interviews and assist with HR operations. The selected candidate will complete a standard interview process.","Good communication, MS Office and basic understanding of recruitment processes. The selected candidate will complete a standard interview process.","Paid leave, health benefits and training programs. The selected candidate will complete a standard interview process.",0,1,1,Full-time,1-2 years,Bachelor's Degree,Business Services,Human Resources,0
1063,Software Developer,"Mumbai, Maharashtra",Engineering,₹5-8 LPA,Established technology company developing enterprise software products.,"Develop and maintain web applications, collaborate with engineering teams, write clean code and participate in code reviews. The selected candidate will complete a standard interview process.","Bachelor degree or equivalent experience, Python or JavaScript, Git, SQL and problem solving skills. The selected candidate will complete a standard interview process.","Health insurance, paid leave, learning budget and hybrid work. The selected candidate will complete a standard interview process.",0,1,1,Full-time,1-3 years,Bachelor's Degree,Information Technology,Engineering,0
1136,Customer Support Associate,"Bengaluru, Karnataka",Customer Support,₹2.5-4 LPA,Consumer services organization operating a national customer support center.,"Respond to customer queries through approved support channels, document issues and coordinate with internal teams. Applicants can review the company career page before applying.","Good written and verbal communication, basic computer skills and willingness to work shifts. Applicants can review the company career page before applying.","Paid leave, insurance and structured onboarding. Applicants can review the company career page before applying.",0,1,1,Full-time,0-1 years,Any Graduate,Customer Service,Support,0
1129,Marketing Intern,"Hyderabad, Telangana",Marketing,"₹12,000-18,000 per month",Digital marketing agency working with small and medium businesses.,"Assist with social media calendars, market research, content planning and campaign reporting.","Interest in digital marketing, communication skills and basic spreadsheet knowledge.","Certificate, mentorship and internship completion letter.",0,1,1,Internship,0-1 years,Any Graduate,Marketing,Marketing,0
1291,Work From Home Data Entry,Remote,,"₹1,20,000 per month",,Earn huge income from home with no experience required. Start immediately and receive guaranteed weekly payments. Contact the recruiter directly for fast approval. Registration fee of ₹999 is required before joining.,No experience needed. Anyone can apply. Contact the recruiter directly for fast approval.,"Guaranteed income, instant joining and flexible hours. Contact the recruiter directly for fast approval.",1,0,1,Part-time,No experience,Not required,Data Entry,Administrative,1
1009,Software Developer,"Mumbai, Maharashtra",Engineering,₹5-8 LPA,Established technology company developing enterprise software products.,"Develop and maintain web applications, collaborate with engineering teams, write clean code and participate in code reviews.","Bachelor degree or equivalent experience, Python or JavaScript, Git, SQL and problem solving skills.","Health insurance, paid leave, learning budget and hybrid work.",0,1,1,Full-time,1-3 years,Bachelor's Degree,Information Technology,Engineering,0
1071,Customer Support Associate,"Bengaluru, Karnataka",Customer Support,₹5-9 LPA,Consumer services organization operating a national customer support center.,"Respond to customer queries through approved support channels, document issues and coordinate with internal teams. The selected candidate will complete a standard interview process.","Good written and verbal communication, basic computer skills and willingness to work shifts. The selected candidate will complete a standard interview process.","Paid leave, insurance and structured onboarding. The selected candidate will complete a standard interview process.",0,1,1,Full-time,0-1 years,Any Graduate,Customer Service,Support,0
1265,Online Recruitment Agent,Remote,,"₹1,00,000 per month",International company expanding rapidly.,Urgent hiring. Work from anywhere and earn guaranteed high income. Contact our recruiter on WhatsApp and pay a refundable registration fee to secure your position. Apply now to avoid losing this opportunity. Share your Aadhaar or bank details for verification. Recruiter can be reached through WhatsApp.,No qualification or experience required. Apply now to avoid losing this opportunity.,Very high salary and immediate joining. Apply now to avoid losing this opportunity.,1,1,0,Part-time,Not required,Not required,Recruitment,Sales,1
1065,Software Developer,"Mumbai, Maharashtra",Engineering,₹5-8 LPA,Established technology company developing enterprise software products.,"Develop and maintain web applications, collaborate with engineering teams, write clean code and participate in code reviews.","Bachelor degree or equivalent experience, Python or JavaScript, Git, SQL and problem solving skills.","Health insurance, paid leave, learning budget and hybrid work.",0,1,1,Full-time,1-3 years,Bachelor's Degree,Information Technology,Engineering,0
1045,Software Developer,"Delhi, India",Engineering,₹5-8 LPA,Established technology company developing enterprise software products.,"Develop and maintain web applications, collaborate with engineering teams, write clean code and participate in code reviews.","Bachelor degree or equivalent experience, Python or JavaScript, Git, SQL and problem solving skills.","Health insurance, paid leave, learning budget and hybrid work.",0,1,1,Full-time,1-3 years,Bachelor's Degree,Information Technology,Engineering,0
1280,Work From Home Data Entry,Remote,,"₹80,000 per week",,Earn huge income from home with no experience required. Start immediately and receive guaranteed weekly payments. No interview is required before joining.,No experience needed. Anyone can apply. No interview is required before joining.,"Guaranteed income, instant joining and flexible hours. No interview is required before joining.",1,0,0,Part-time,No experience,Not required,Data Entry,Administrative,1
1157,Marketing Intern,"Hyderabad, Telangana",Marketing,"₹12,000-18,000 per month",Digital marketing agency working with small and medium businesses.,"Assist with social media calendars, market research, content planning and campaign reporting.","Interest in digital marketing, communication skills and basic spreadsheet knowledge.","Certificate, mentorship and internship completion letter.",0,1,1,Internship,0-1 years,Any Graduate,Marketing,Marketing,0
1041,Software Developer,"Mumbai, Maharashtra",Engineering,₹5-8 LPA,Established technology company developing enterprise software products.,"Develop and maintain web applications, collaborate with engineering teams, write clean code and participate in code reviews.","Bachelor degree or equivalent experience, Python or JavaScript, Git, SQL and problem solving skills.","Health insurance, paid leave, learning budget and hybrid work.",0,1,1,Full-time,1-3 years,Bachelor's Degree,Information Technology,Engineering,0
1124,Data Analyst,"Pune, Maharashtra",Analytics,₹4-7 LPA,Business analytics firm providing reporting and data services to clients.,"Prepare reports, clean datasets, build dashboards and work with business teams to identify trends. Applicants can review the company career page before applying.","SQL, Excel, basic Python, data visualization and analytical thinking. Applicants can review the company career page before applying.","Paid leave, medical coverage and professional development. Applicants can review the company career page before applying.",0,1,1,Full-time,0-2 years,Bachelor's Degree,Analytics,Data Analysis,0
1276,Easy Online Typing Job,Remote,,"₹50,000-₹90,000 per month",,Earn money by typing simple documents from home. Limited vacancies. Apply urgently through Telegram and pay a small security fee before receiving work. No interview is required before joining. Registration fee of ₹999 is required before joining.,Basic typing only. No experience needed. No interview is required before joining.,Guaranteed earnings and work from home. No interview is required before joining.,1,0,1,Part-time,No experience,Not required,Data Entry,Administrative,1
1217,Software Developer,"Mumbai, Maharashtra",Engineering,₹5-8 LPA,Established technology company developing enterprise software products.,"Develop and maintain web applications, collaborate with engineering teams, write clean code and participate in code reviews.","Bachelor degree or equivalent experience, Python or JavaScript, Git, SQL and problem solving skills.","Health insurance, paid leave, learning budget and hybrid work.",0,1,1,Full-time,1-3 years,Bachelor's Degree,Information Technology,Engineering,0
1154,Software Developer,"Mumbai, Maharashtra",Engineering,₹5-8 LPA,Established technology company developing enterprise software products.,"Develop and maintain web applications, collaborate with engineering teams, write clean code and participate in code reviews. Candidates should be comfortable working with cross-functional teams.","Bachelor degree or equivalent experience, Python or JavaScript, Git, SQL and problem solving skills. Candidates should be comfortable working with cross-functional teams.","Health insurance, paid leave, learning budget and hybrid work. Candidates should be comfortable working with cross-functional teams.",0,1,1,Full-time,1-3 years,Bachelor's Degree,Information Technology,Engineering,0
1024,Data Analyst,"Pune, Maharashtra",Analytics,₹4-7 LPA,Business analytics firm providing reporting and data services to clients.,"Prepare reports, clean datasets, build dashboards and work with business teams to identify trends. Applicants can review the company career page before applying.","SQL, Excel, basic Python, data visualization and analytical thinking. Applicants can review the company career page before applying.","Paid leave, medical coverage and professional development. Applicants can review the company career page before applying.",0,1,1,Full-time,0-2 years,Bachelor's Degree,Analytics,Data Analysis,0
1262,Easy Online Typing Job,Remote,,"₹50,000-₹90,000 per month",,"Earn money by typing simple documents from home. Limited vacancies. Apply urgently through Telegram and pay a small security fee before receiving work. Limited seats available, act immediately.","Basic typing only. No experience needed. Limited seats available, act immediately.","Guaranteed earnings and work from home. Limited seats available, act immediately.",1,0,0,Part-time,No experience,Not required,Data Entry,Administrative,1
1111,Marketing Intern,"Hyderabad, Telangana",Marketing,"₹12,000-18,000 per month",Digital marketing agency working with small and medium businesses.,"Assist with social media calendars, market research, content planning and campaign reporting. The selected candidate will complete a standard interview process.","Interest in digital marketing, communication skills and basic spreadsheet knowledge. The selected candidate will complete a standard interview process.","Certificate, mentorship and internship completion letter. The selected candidate will complete a standard interview process.",0,1,1,Internship,0-1 years,Any Graduate,Marketing,Marketing,0
1082,HR Executive,"Delhi, India",Human Resources,₹3-5 LPA,Growing services company with offices across India.,"Support recruitment, maintain employee records, coordinate interviews and assist with HR operations. Candidates should be comfortable working with cross-functional teams.","Good communication, MS Office and basic understanding of recruitment processes. Candidates should be comfortable working with cross-functional teams.","Paid leave, health benefits and training programs. Candidates should be comfortable working with cross-functional teams.",0,1,1,Full-time,1-2 years,Bachelor's Degree,Business Services,Human Resources,0
1208,Software Developer,"Mumbai, Maharashtra",Engineering,₹5-8 LPA,Established technology company developing enterprise software products.,"Develop and maintain web applications, collaborate with engineering teams, write clean code and participate in code reviews. Applicants can review the company career page before applying.","Bachelor degree or equivalent experience, Python or JavaScript, Git, SQL and problem solving skills. Applicants can review the company career page before applying.","Health insurance, paid leave, learning budget and hybrid work. Applicants can review the company career page before applying.",0,1,1,Full-time,1-3 years,Bachelor's Degree,Information Technology,Engineering,0
1213,Marketing Intern,"Hyderabad, Telangana",Marketing,"₹12,000-18,000 per month",Digital marketing agency working with small and medium businesses.,"Assist with social media calendars, market research, content planning and campaign reporting.","Interest in digital marketing, communication skills and basic spreadsheet knowledge.","Certificate, mentorship and internship completion letter.",0,1,1,Internship,0-1 years,Any Graduate,Marketing,Marketing,0
1040,Software Developer,"Mumbai, Maharashtra",Engineering,₹5-8 LPA,Established technology company developing enterprise software products.,"Develop and maintain web applications, collaborate with engineering teams, write clean code and participate in code reviews. Applicants can review the company career page before applying.","Bachelor degree or equivalent experience, Python or JavaScript, Git, SQL and problem solving skills. Applicants can review the company career page before applying.","Health insurance, paid leave, learning budget and hybrid work. Applicants can review the company career page before applying.",0,1,1,Full-time,1-3 years,Bachelor's Degree,Information Technology,Engineering,0
1241,International Work Opportunity,Remote,Operations,"₹90,000 per month",Global business opportunity team,Immediate joining available. Guaranteed job and guaranteed income. Send your ID documents to the recruiter and pay registration charges to complete onboarding. Apply now to avoid losing this opportunity. Registration fee of ₹999 is required before joining. Share your Aadhaar or bank details for verification. Recruiter can be reached through WhatsApp.,Anyone above 18 can apply. Apply now to avoid losing this opportunity.,"High salary, flexible hours and fast promotion. Apply now to avoid losing this opportunity.",1,1,0,Full-time,No experience,Any,Other,Operations,1
1292,Online Recruitment Agent,Remote,,"₹1,00,000 per month",International company expanding rapidly.,Urgent hiring. Work from anywhere and earn guaranteed high income. Contact our recruiter on WhatsApp and pay a refundable registration fee to secure your position. No interview is required before joining.,No qualification or experience required. No interview is required before joining.,Very high salary and immediate joining. No interview is required before joining.,1,0,0,Part-time,Not required,Not required,Recruitment,Sales,1
1259,Work From Home Data Entry,Remote,,"₹80,000 per week",,Earn huge income from home with no experience required. Start immediately and receive guaranteed weekly payments. Contact the recruiter directly for fast approval. Share your Aadhaar or bank details for verification.,No experience needed. Anyone can apply. Contact the recruiter directly for fast approval.,"Guaranteed income, instant joining and flexible hours. Contact the recruiter directly for fast approval.",1,0,0,Part-time,No experience,Not required,Data Entry,Administrative,1
1200,Customer Support Associate,"Bengaluru, Karnataka",Customer Support,₹2.5-4 LPA,Consumer services organization operating a national customer support center.,"Respond to customer queries through approved support channels, document issues and coordinate with internal teams. Applicants can review the company career page before applying.","Good written and verbal communication, basic computer skills and willingness to work shifts. Applicants can review the company career page before applying.","Paid leave, insurance and structured onboarding. Applicants can review the company career page before applying.",0,1,1,Full-time,0-1 years,Any Graduate,Customer Service,Support,0
1015,Data Analyst,"Pune, Maharashtra",Analytics,₹5-9 LPA,Business analytics firm providing reporting and data services to clients.,"Prepare reports, clean datasets, build dashboards and work with business teams to identify trends. The selected candidate will complete a standard interview process.","SQL, Excel, basic Python, data visualization and analytical thinking. The selected candidate will complete a standard interview process.","Paid leave, medical coverage and professional development. The selected candidate will complete a standard interview process.",0,1,1,Full-time,0-2 years,Bachelor's Degree,Analytics,Data Analysis,0
1048,Data Analyst,"Pune, Maharashtra",Analytics,₹4-7 LPA,Business analytics firm providing reporting and data services to clients.,"Prepare reports, clean datasets, build dashboards and work with business teams to identify trends. Applicants can review the company career page before applying.","SQL, Excel, basic Python, data visualization and analytical thinking. Applicants can review the company career page before applying.","Paid leave, medical coverage and professional development. Applicants can review the company career page before applying.",0,1,1,Full-time,0-2 years,Bachelor's Degree,Analytics,Data Analysis,0
1095,Marketing Intern,"Hyderabad, Telangana",Marketing,"₹12,000-18,000 per month",Digital marketing agency working with small and medium businesses.,"Assist with social media calendars, market research, content planning and campaign reporting. The selected candidate will complete a standard interview process.","Interest in digital marketing, communication skills and basic spreadsheet knowledge. The selected candidate will complete a standard interview process.","Certificate, mentorship and internship completion letter. The selected candidate will complete a standard interview process.",0,1,1,Internship,0-1 years,Any Graduate,Marketing,Marketing,0
1264,Easy Online Typing Job,Remote,,"₹50,000-₹90,000 per month",,Earn money by typing simple documents from home. Limited vacancies. Apply urgently through Telegram and pay a small security fee before receiving work. No interview is required before joining.,Basic typing only. No experience needed. No interview is required before joining.,Guaranteed earnings and work from home. No interview is required before joining.,1,0,1,Part-time,No experience,Not required,Data Entry,Administrative,1
1228,Marketing Intern,"Hyderabad, Telangana",Marketing,"₹12,000-18,000 per month",Digital marketing agency working with small and medium businesses.,"Assist with social media calendars, market research, content planning and campaign reporting. Applicants can review the company career page before applying.","Interest in digital marketing, communication skills and basic spreadsheet knowledge. Applicants can review the company career page before applying.","Certificate, mentorship and internship completion letter. Applicants can review the company career page before applying.",0,1,1,Internship,0-1 years,Any Graduate,Marketing,Marketing,0
1274,Easy Online Typing Job,Remote,,"₹50,000-₹90,000 per month",,"Earn money by typing simple documents from home. Limited vacancies. Apply urgently through Telegram and pay a small security fee before receiving work. Limited seats available, act immediately.","Basic typing only. No experience needed. Limited seats available, act immediately.","Guaranteed earnings and work from home. Limited seats available, act immediately.",1,0,0,Part-time,No experience,Not required,Data Entry,Administrative,1
1202,Customer Support Associate,"Bengaluru, Karnataka",Customer Support,₹2.5-4 LPA,Consumer services organization operating a national customer support center.,"Respond to customer queries through approved support channels, document issues and coordinate with internal teams. Candidates should be comfortable working with cross-functional teams.","Good written and verbal communication, basic computer skills and willingness to work shifts. Candidates should be comfortable working with cross-functional teams.","Paid leave, insurance and structured onboarding. Candidates should be comfortable working with cross-functional teams.",0,1,1,Full-time,0-1 years,Any Graduate,Customer Service,Support,0
1162,Marketing Intern,"Hyderabad, Telangana",Marketing,₹3-6 LPA,Digital marketing agency working with small and medium businesses.,"Assist with social media calendars, market research, content planning and campaign reporting. Candidates should be comfortable working with cross-functional teams.","Interest in digital marketing, communication skills and basic spreadsheet knowledge. Candidates should be comfortable working with cross-functional teams.","Certificate, mentorship and internship completion letter. Candidates should be comfortable working with cross-functional teams.",0,1,1,Internship,0-1 years,Any Graduate,Marketing,Marketing,0
1044,Data Analyst,"Pune, Maharashtra",Analytics,₹4-7 LPA,Business analytics firm providing reporting and data services to clients.,"Prepare reports, clean datasets, build dashboards and work with business teams to identify trends. Applicants can review the company career page before applying.","SQL, Excel, basic Python, data visualization and analytical thinking. Applicants can review the company career page before applying.","Paid leave, medical coverage and professional development. Applicants can review the company career page before applying.",0,1,1,Full-time,0-2 years,Bachelor's Degree,Analytics,Data Analysis,0
1218,Software Developer,"Mumbai, Maharashtra",Engineering,₹5-9 LPA,Established technology company developing enterprise software products.,"Develop and maintain web applications, collaborate with engineering teams, write clean code and participate in code reviews. Candidates should be comfortable working with cross-functional teams.","Bachelor degree or equivalent experience, Python or JavaScript, Git, SQL and problem solving skills. Candidates should be comfortable working with cross-functional teams.","Health insurance, paid leave, learning budget and hybrid work. Candidates should be comfortable working with cross-functional teams.",0,1,1,Full-time,1-3 years,Bachelor's Degree,Information Technology,Engineering,0
1146,HR Executive,"Delhi, India",Human Resources,₹3-5 LPA,Growing services company with offices across India.,"Support recruitment, maintain employee records, coordinate interviews and assist with HR operations. Candidates should be comfortable working with cross-functional teams.","Good communication, MS Office and basic understanding of recruitment processes. Candidates should be comfortable working with cross-functional teams.","Paid leave, health benefits and training programs. Candidates should be comfortable working with cross-functional teams.",0,1,1,Full-time,1-2 years,Bachelor's Degree,Business Services,Human Resources,0
1191,Data Analyst,"Pune, Maharashtra",Analytics,₹4-7 LPA,Business analytics firm providing reporting and data services to clients.,"Prepare reports, clean datasets, build dashboards and work with business teams to identify trends. The selected candidate will complete a standard interview process.","SQL, Excel, basic Python, data visualization and analytical thinking. The selected candidate will complete a standard interview process.","Paid leave, medical coverage and professional development. The selected candidate will complete a standard interview process.",0,1,1,Full-time,0-2 years,Bachelor's Degree,Analytics,Data Analysis,0
1221,Customer Support Associate,"Mumbai, Maharashtra",Customer Support,₹2.5-4 LPA,Consumer services organization operating a national customer support center.,"Respond to customer queries through approved support channels, document issues and coordinate with internal teams.","Good written and verbal communication, basic computer skills and willingness to work shifts.","Paid leave, insurance and structured onboarding.",0,1,1,Full-time,0-1 years,Any Graduate,Customer Service,Support,0
1252,International Work Opportunity,Remote,Operations,"₹75,000 per month",Global business opportunity team,Immediate joining available. Guaranteed job and guaranteed income. Send your ID documents to the recruiter and pay registration charges to complete onboarding. No interview is required before joining.,Anyone above 18 can apply. No interview is required before joining.,"High salary, flexible hours and fast promotion. No interview is required before joining.",1,0,1,Full-time,No experience,Any,Other,Operations,1
1004,Software Developer,"Mumbai, Maharashtra",Engineering,₹5-8 LPA,Established technology company developing enterprise software products.,"Develop and maintain web applications, collaborate with engineering teams, write clean code and participate in code reviews. Applicants can review the company career page before applying.","Bachelor degree or equivalent experience, Python or JavaScript, Git, SQL and problem solving skills. Applicants can review the company career page before applying.","Health insurance, paid leave, learning budget and hybrid work. Applicants can review the company career page before applying.",0,1,1,Full-time,1-3 years,Bachelor's Degree,Information Technology,Engineering,0
1106,Customer Support Associate,"Bengaluru, Karnataka",Customer Support,₹3-6 LPA,Consumer services organization operating a national customer support center.,"Respond to customer queries through approved support channels, document issues and coordinate with internal teams. Candidates should be comfortable working with cross-functional teams.","Good written and verbal communication, basic computer skills and willingness to work shifts. Candidates should be comfortable working with cross-functional teams.","Paid leave, insurance and structured onboarding. Candidates should be comfortable working with cross-functional teams.",0,1,1,Full-time,0-1 years,Any Graduate,Customer Service,Support,0
1054,Data Analyst,"Pune, Maharashtra",Analytics,₹4-7 LPA,Business analytics firm providing reporting and data services to clients.,"Prepare reports, clean datasets, build dashboards and work with business teams to identify trends. Candidates should be comfortable working with cross-functional teams.","SQL, Excel, basic Python, data visualization and analytical thinking. Candidates should be comfortable working with cross-functional teams.","Paid leave, medical coverage and professional development. Candidates should be comfortable working with cross-functional teams.",0,1,1,Full-time,0-2 years,Bachelor's Degree,Analytics,Data Analysis,0
1134,HR Executive,"Delhi, India",Human Resources,₹5-9 LPA,Growing services company with offices across India.,"Support recruitment, maintain employee records, coordinate interviews and assist with HR operations. Candidates should be comfortable working with cross-functional teams.","Good communication, MS Office and basic understanding of recruitment processes. Candidates should be comfortable working with cross-functional teams.","Paid leave, health benefits and training programs. Candidates should be comfortable working with cross-functional teams.",0,1,1,Full-time,1-2 years,Bachelor's Degree,Business Services,Human Resources,0
1002,Data Analyst,"Pune, Maharashtra",Analytics,₹4-7 LPA,Business analytics firm providing reporting and data services to clients.,"Prepare reports, clean datasets, build dashboards and work with business teams to identify trends. Candidates should be comfortable working with cross-functional teams.","SQL, Excel, basic Python, data visualization and analytical thinking. Candidates should be comfortable working with cross-functional teams.","Paid leave, medical coverage and professional development. Candidates should be comfortable working with cross-functional teams.",0,1,1,Full-time,0-2 years,Bachelor's Degree,Analytics,Data Analysis,0
1132,Customer Support Associate,"Bengaluru, Karnataka",Customer Support,₹2.5-4 LPA,Consumer services organization operating a national customer support center.,"Respond to customer queries through approved support channels, document issues and coordinate with internal teams. Applicants can review the company career page before applying.","Good written and verbal communication, basic computer skills and willingness to work shifts. Applicants can review the company career page before applying.","Paid leave, insurance and structured onboarding. Applicants can review the company career page before applying.",0,1,1,Full-time,0-1 years,Any Graduate,Customer Service,Support,0
1104,Customer Support Associate,"Bengaluru, Karnataka",Customer Support,₹2.5-4 LPA,Consumer services organization operating a national customer support center.,"Respond to customer queries through approved support channels, document issues and coordinate with internal teams. Applicants can review the company career page before applying.","Good written and verbal communication, basic computer skills and willingness to work shifts. Applicants can review the company career page before applying.","Paid leave, insurance and structured onboarding. Applicants can review the company career page before applying.",0,1,1,Full-time,0-1 years,Any Graduate,Customer Service,Support,0
1050,HR Executive,"Delhi, India",Human Resources,₹3-6 LPA,Growing services company with offices across India.,"Support recruitment, maintain employee records, coordinate interviews and assist with HR operations. Candidates should be comfortable working with cross-functional teams.","Good communication, MS Office and basic understanding of recruitment processes. Candidates should be comfortable working with cross-functional teams.","Paid leave, health benefits and training programs. Candidates should be comfortable working with cross-functional teams.",0,1,1,Full-time,1-2 years,Bachelor's Degree,Business Services,Human Resources,0
1081,Customer Support Associate,"Bengaluru, Karnataka",Customer Support,₹2.5-4 LPA,Consumer services organization operating a national customer support center.,"Respond to customer queries through approved support channels, document issues and coordinate with internal teams.","Good written and verbal communication, basic computer skills and willingness to work shifts.","Paid leave, insurance and structured onboarding.",0,1,1,Full-time,0-1 years,Any Graduate,Customer Service,Support,0
1206,HR Executive,"Delhi, India",Human Resources,₹3-5 LPA,Growing services company with offices across India.,"Support recruitment, maintain employee records, coordinate interviews and assist with HR operations. Candidates should be comfortable working with cross-functional teams.","Good communication, MS Office and basic understanding of recruitment processes. Candidates should be comfortable working with cross-functional teams.","Paid leave, health benefits and training programs. Candidates should be comfortable working with cross-functional teams.",0,1,1,Full-time,1-2 years,Bachelor's Degree,Business Services,Human Resources,0
1035,Customer Support Associate,"Bengaluru, Karnataka",Customer Support,₹2.5-4 LPA,Consumer services organization operating a national customer support center.,"Respond to customer queries through approved support channels, document issues and coordinate with internal teams. The selected candidate will complete a standard interview process.","Good written and verbal communication, basic computer skills and willingness to work shifts. The selected candidate will complete a standard interview process.","Paid leave, insurance and structured onboarding. The selected candidate will complete a standard interview process.",0,1,1,Full-time,0-1 years,Any Graduate,Customer Service,Support,0
1092,Customer Support Associate,"Bengaluru, Karnataka",Customer Support,₹4-8 LPA,Consumer services organization operating a national customer support center.,"Respond to customer queries through approved support channels, document issues and coordinate with internal teams. Applicants can review the company career page before applying.","Good written and verbal communication, basic computer skills and willingness to work shifts. Applicants can review the company career page before applying.","Paid leave, insurance and structured onboarding. Applicants can review the company career page before applying.",0,1,1,Full-time,0-1 years,Any Graduate,Customer Service,Support,0
1053,Marketing Intern,"Hyderabad, Telangana",Marketing,"₹12,000-18,000 per month",Digital marketing agency working with small and medium businesses.,"Assist with social media calendars, market research, content planning and campaign reporting.","Interest in digital marketing, communication skills and basic spreadsheet knowledge.","Certificate, mentorship and internship completion letter.",0,1,1,Internship,0-1 years,Any Graduate,Marketing,Marketing,0
1242,Work From Home Data Entry,Remote,,"₹80,000 per week",,"Earn huge income from home with no experience required. Start immediately and receive guaranteed weekly payments. Limited seats available, act immediately.","No experience needed. Anyone can apply. Limited seats available, act immediately.","Guaranteed income, instant joining and flexible hours. Limited seats available, act immediately.",1,0,1,Part-time,No experience,Not required,Data Entry,Administrative,1
1014,Marketing Intern,"Hyderabad, Telangana",Marketing,"₹12,000-18,000 per month",Digital marketing agency working with small and medium businesses.,"Assist with social media calendars, market research, content planning and campaign reporting. Candidates should be comfortable working with cross-functional teams.","Interest in digital marketing, communication skills and basic spreadsheet knowledge. Candidates should be comfortable working with cross-functional teams.","Certificate, mentorship and internship completion letter. Candidates should be comfortable working with cross-functional teams.",0,1,1,Internship,0-1 years,Any Graduate,Marketing,Marketing,0
1089,Data Analyst,"Chennai, Tamil Nadu",Analytics,₹4-7 LPA,Business analytics firm providing reporting and data services to clients.,"Prepare reports, clean datasets, build dashboards and work with business teams to identify trends.","SQL, Excel, basic Python, data visualization and analytical thinking.","Paid leave, medical coverage and professional development.",0,1,1,Full-time,0-2 years,Bachelor's Degree,Analytics,Data Analysis,0
1167,Software Developer,"Mumbai, Maharashtra",Engineering,₹5-8 LPA,Established technology company developing enterprise software products.,"Develop and maintain web applications, collaborate with engineering teams, write clean code and participate in code reviews. The selected candidate will complete a standard interview process.","Bachelor degree or equivalent experience, Python or JavaScript, Git, SQL and problem solving skills. The selected candidate will complete a standard interview process.","Health insurance, paid leave, learning budget and hybrid work. The selected candidate will complete a standard interview process.",0,1,1,Full-time,1-3 years,Bachelor's Degree,Information Technology,Engineering,0
1295,Easy Online Typing Job,Remote,,"₹50,000-₹90,000 per month",,Earn money by typing simple documents from home. Limited vacancies. Apply urgently through Telegram and pay a small security fee before receiving work. Contact the recruiter directly for fast approval. Share your Aadhaar or bank details for verification.,Basic typing only. No experience needed. Contact the recruiter directly for fast approval.,Guaranteed earnings and work from home. Contact the recruiter directly for fast approval.,1,0,0,Part-time,No experience,Not required,Data Entry,Administrative,1
1135,Marketing Intern,"Hyderabad, Telangana",Marketing,"₹12,000-18,000 per month",Digital marketing agency working with small and medium businesses.,"Assist with social media calendars, market research, content planning and campaign reporting. The selected candidate will complete a standard interview process.","Interest in digital marketing, communication skills and basic spreadsheet knowledge. The selected candidate will complete a standard interview process.","Certificate, mentorship and internship completion letter. The selected candidate will complete a standard interview process.",0,1,1,Internship,0-1 years,Any Graduate,Marketing,Marketing,0
1288,Work From Home Data Entry,Remote,,"₹80,000 per week",,Earn huge income from home with no experience required. Start immediately and receive guaranteed weekly payments. No interview is required before joining.,No experience needed. Anyone can apply. No interview is required before joining.,"Guaranteed income, instant joining and flexible hours. No interview is required before joining.",1,0,1,Part-time,No experience,Not required,Data Entry,Administrative,1
1244,Online Recruitment Agent,Remote,,"₹1,00,000 per month",International company expanding rapidly.,Urgent hiring. Work from anywhere and earn guaranteed high income. Contact our recruiter on WhatsApp and pay a refundable registration fee to secure your position. No interview is required before joining.,No qualification or experience required. No interview is required before joining.,Very high salary and immediate joining. No interview is required before joining.,1,0,0,Part-time,Not required,Not required,Recruitment,Sales,1
1055,Marketing Intern,"Hyderabad, Telangana",Marketing,"₹12,000-18,000 per month",Digital marketing agency working with small and medium businesses.,"Assist with social media calendars, market research, content planning and campaign reporting. The selected candidate will complete a standard interview process.","Interest in digital marketing, communication skills and basic spreadsheet knowledge. The selected candidate will complete a standard interview process.","Certificate, mentorship and internship completion letter. The selected candidate will complete a standard interview process.",0,1,1,Full-time,0-1 years,Any Graduate,Marketing,Marketing,0
1051,HR Executive,"Delhi, India",Human Resources,₹3-5 LPA,Growing services company with offices across India.,"Support recruitment, maintain employee records, coordinate interviews and assist with HR operations. The selected candidate will complete a standard interview process.","Good communication, MS Office and basic understanding of recruitment processes. The selected candidate will complete a standard interview process.","Paid leave, health benefits and training programs. The selected candidate will complete a standard interview process.",0,1,1,Full-time,1-2 years,Bachelor's Degree,Business Services,Human Resources,0
1175,Customer Support Associate,"Bengaluru, Karnataka",Customer Support,₹2.5-4 LPA,Consumer services organization operating a national customer support center.,"Respond to customer queries through approved support channels, document issues and coordinate with internal teams. The selected candidate will complete a standard interview process.","Good written and verbal communication, basic computer skills and willingness to work shifts. The selected candidate will complete a standard interview process.","Paid leave, insurance and structured onboarding. The selected candidate will complete a standard interview process.",0,1,1,Full-time,0-1 years,Any Graduate,Customer Service,Support,0
1190,Software Developer,"Mumbai, Maharashtra",Engineering,₹3-6 LPA,Established technology company developing enterprise software products.,"Develop and maintain web applications, collaborate with engineering teams, write clean code and participate in code reviews. Candidates should be comfortable working with cross-functional teams.","Bachelor degree or equivalent experience, Python or JavaScript, Git, SQL and problem solving skills. Candidates should be comfortable working with cross-functional teams.","Health insurance, paid leave, learning budget and hybrid work. Candidates should be comfortable working with cross-functional teams.",0,1,1,Full-time,1-3 years,Bachelor's Degree,Information Technology,Engineering,0
1299,Online Recruitment Agent,Remote,,"₹1,00,000 per month",International company expanding rapidly.,Urgent hiring. Work from anywhere and earn guaranteed high income. Contact our recruiter on WhatsApp and pay a refundable registration fee to secure your position. Contact the recruiter directly for fast approval.,No qualification or experience required. Contact the recruiter directly for fast approval.,Very high salary and immediate joining. Contact the recruiter directly for fast approval.,1,0,1,Part-time,Not required,Not required,Recruitment,Sales,1
1188,Software Developer,"Mumbai, Maharashtra",Engineering,₹5-8 LPA,Established technology company developing enterprise software products.,"Develop and maintain web applications, collaborate with engineering teams, write clean code and participate in code reviews. Applicants can review the company career page before applying.","Bachelor degree or equivalent experience, Python or JavaScript, Git, SQL and problem solving skills. Applicants can review the company career page before applying.","Health insurance, paid leave, learning budget and hybrid work. Applicants can review the company career page before applying.",0,1,1,Full-time,1-3 years,Bachelor's Degree,Information Technology,Engineering,0
1170,Customer Support Associate,"Bengaluru, Karnataka",Customer Support,₹2.5-4 LPA,Consumer services organization operating a national customer support center.,"Respond to customer queries through approved support channels, document issues and coordinate with internal teams. Candidates should be comfortable working with cross-functional teams.","Good written and verbal communication, basic computer skills and willingness to work shifts. Candidates should be comfortable working with cross-functional teams.","Paid leave, insurance and structured onboarding. Candidates should be comfortable working with cross-functional teams.",0,1,1,Full-time,0-1 years,Any Graduate,Customer Service,Support,0
1059,Data Analyst,"Pune, Maharashtra",Analytics,₹4-7 LPA,Business analytics firm providing reporting and data services to clients.,"Prepare reports, clean datasets, build dashboards and work with business teams to identify trends. The selected candidate will complete a standard interview process.","SQL, Excel, basic Python, data visualization and analytical thinking. The selected candidate will complete a standard interview process.","Paid leave, medical coverage and professional development. The selected candidate will complete a standard interview process.",0,1,1,Full-time,0-2 years,Bachelor's Degree,Analytics,Data Analysis,0
1049,HR Executive,"Delhi, India",Human Resources,₹3-5 LPA,Growing services company with offices across India.,"Support recruitment, maintain employee records, coordinate interviews and assist with HR operations.","Good communication, MS Office and basic understanding of recruitment processes.","Paid leave, health benefits and training programs.",0,1,1,Full-time,1-2 years,Bachelor's Degree,Business Services,Human Resources,0
1236,Data Analyst,"Pune, Maharashtra",Analytics,₹4-7 LPA,Business analytics firm providing reporting and data services to clients.,"Prepare reports, clean datasets, build dashboards and work with business teams to identify trends. Applicants can review the company career page before applying.","SQL, Excel, basic Python, data visualization and analytical thinking. Applicants can review the company career page before applying.","Paid leave, medical coverage and professional development. Applicants can review the company career page before applying.",0,1,1,Full-time,0-2 years,Bachelor's Degree,Analytics,Data Analysis,0
1253,Easy Online Typing Job,Remote,,"₹50,000-₹90,000 per month",,Earn money by typing simple documents from home. Limited vacancies. Apply urgently through Telegram and pay a small security fee before receiving work. Apply now to avoid losing this opportunity. Share your Aadhaar or bank details for verification.,Basic typing only. No experience needed. Apply now to avoid losing this opportunity.,Guaranteed earnings and work from home. Apply now to avoid losing this opportunity.,1,1,0,Part-time,No experience,Not required,Data Entry,Administrative,1
1022,Customer Support Associate,"Bengaluru, Karnataka",Customer Support,₹4-8 LPA,Consumer services organization operating a national customer support center.,"Respond to customer queries through approved support channels, document issues and coordinate with internal teams. Candidates should be comfortable working with cross-functional teams.","Good written and verbal communication, basic computer skills and willingness to work shifts. Candidates should be comfortable working with cross-functional teams.","Paid leave, insurance and structured onboarding. Candidates should be comfortable working with cross-functional teams.",0,1,1,Full-time,0-1 years,Any Graduate,Customer Service,Support,0
1161,Data Analyst,"Pune, Maharashtra",Analytics,₹4-7 LPA,Business analytics firm providing reporting and data services to clients.,"Prepare reports, clean datasets, build dashboards and work with business teams to identify trends.","SQL, Excel, basic Python, data visualization and analytical thinking.","Paid leave, medical coverage and professional development.",0,1,1,Full-time,0-2 years,Bachelor's Degree,Analytics,Data Analysis,0
1277,Online Recruitment Agent,Remote,,"₹1,00,000 per month",International company expanding rapidly.,Urgent hiring. Work from anywhere and earn guaranteed high income. Contact our recruiter on WhatsApp and pay a refundable registration fee to secure your position. Apply now to avoid losing this opportunity. Share your Aadhaar or bank details for verification.,No qualification or experience required. Apply now to avoid losing this opportunity.,Very high salary and immediate joining. Apply now to avoid losing this opportunity.,1,1,0,Part-time,Not required,Not required,Recruitment,Sales,1
1192,Customer Support Associate,"Bengaluru, Karnataka",Customer Support,₹2.5-4 LPA,Consumer services organization operating a national customer support center.,"Respond to customer queries through approved support channels, document issues and coordinate with internal teams. Applicants can review the company career page before applying.","Good written and verbal communication, basic computer skills and willingness to work shifts. Applicants can review the company career page before applying.","Paid leave, insurance and structured onboarding. Applicants can review the company career page before applying.",0,1,1,Full-time,0-1 years,Any Graduate,Customer Service,Support,0
1258,Easy Online Typing Job,Remote,,"₹50,000-₹90,000 per month",,"Earn money by typing simple documents from home. Limited vacancies. Apply urgently through Telegram and pay a small security fee before receiving work. Limited seats available, act immediately.","Basic typing only. No experience needed. Limited seats available, act immediately.","Guaranteed earnings and work from home. Limited seats available, act immediately.",1,0,1,Part-time,No experience,Not required,Data Entry,Administrative,1
1150,Marketing Intern,"Hyderabad, Telangana",Marketing,"₹12,000-18,000 per month",Digital marketing agency working with small and medium businesses.,"Assist with social media calendars, market research, content planning and campaign reporting. Candidates should be comfortable working with cross-functional teams.","Interest in digital marketing, communication skills and basic spreadsheet knowledge. Candidates should be comfortable working with cross-functional teams.","Certificate, mentorship and internship completion letter. Candidates should be comfortable working with cross-functional teams.",0,1,1,Internship,0-1 years,Any Graduate,Marketing,Marketing,0
1131,Data Analyst,"Pune, Maharashtra",Analytics,₹4-7 LPA,Business analytics firm providing reporting and data services to clients.,"Prepare reports, clean datasets, build dashboards and work with business teams to identify trends. The selected candidate will complete a standard interview process.","SQL, Excel, basic Python, data visualization and analytical thinking. The selected candidate will complete a standard interview process.","Paid leave, medical coverage and professional development. The selected candidate will complete a standard interview process.",0,1,1,Full-time,0-2 years,Bachelor's Degree,Analytics,Data Analysis,0
1152,Software Developer,"Mumbai, Maharashtra",Engineering,₹5-8 LPA,Established technology company developing enterprise software products.,"Develop and maintain web applications, collaborate with engineering teams, write clean code and participate in code reviews. Applicants can review the company career page before applying.","Bachelor degree or equivalent experience, Python or JavaScript, Git, SQL and problem solving skills. Applicants can review the company career page before applying.","Health insurance, paid leave, learning budget and hybrid work. Applicants can review the company career page before applying.",0,1,1,Full-time,1-3 years,Bachelor's Degree,Information Technology,Engineering,0
1100,Marketing Intern,"Chennai, Tamil Nadu",Marketing,"₹12,000-18,000 per month",Digital marketing agency working with small and medium businesses.,"Assist with social media calendars, market research, content planning and campaign reporting. Applicants can review the company career page before applying.","Interest in digital marketing, communication skills and basic spreadsheet knowledge. Applicants can review the company career page before applying.","Certificate, mentorship and internship completion letter. Applicants can review the company career page before applying.",0,1,1,Contract,0-1 years,Any Graduate,Marketing,Marketing,0
1088,Data Analyst,"Pune, Maharashtra",Analytics,₹4-7 LPA,Business analytics firm providing reporting and data services to clients.,"Prepare reports, clean datasets, build dashboards and work with business teams to identify trends. Applicants can review the company career page before applying.","SQL, Excel, basic Python, data visualization and analytical thinking. Applicants can review the company career page before applying.","Paid leave, medical coverage and professional development. Applicants can review the company career page before applying.",0,1,1,Full-time,0-2 years,Bachelor's Degree,Analytics,Data Analysis,0
1215,Software Developer,"Mumbai, Maharashtra",Engineering,₹5-8 LPA,Established technology company developing enterprise software products.,"Develop and maintain web applications, collaborate with engineering teams, write clean code and participate in code reviews. The selected candidate will complete a standard interview process.","Bachelor degree or equivalent experience, Python or JavaScript, Git, SQL and problem solving skills. The selected candidate will complete a standard interview process.","Health insurance, paid leave, learning budget and hybrid work. The selected candidate will complete a standard interview process.",0,1,1,Full-time,1-3 years,Bachelor's Degree,Information Technology,Engineering,0
1122,HR Executive,"Pune, Maharashtra",Human Resources,₹3-5 LPA,Growing services company with offices across India.,"Support recruitment, maintain employee records, coordinate interviews and assist with HR operations. Candidates should be comfortable working with cross-functional teams.","Good communication, MS Office and basic understanding of recruitment processes. Candidates should be comfortable working with cross-functional teams.","Paid leave, health benefits and training programs. Candidates should be comfortable working with cross-functional teams.",0,1,1,Full-time,1-2 years,Bachelor's Degree,Business Services,Human Resources,0
1300,Online Recruitment Agent,Remote,,"₹1,00,000 per month",International company expanding rapidly.,Urgent hiring. Work from anywhere and earn guaranteed high income. Contact our recruiter on WhatsApp and pay a refundable registration fee to secure your position. No interview is required before joining.,No qualification or experience required. No interview is required before joining.,Very high salary and immediate joining. No interview is required before joining.,1,0,1,Part-time,Not required,Not required,Recruitment,Sales,1
1021,Data Analyst,"Pune, Maharashtra",Analytics,₹4-7 LPA,Business analytics firm providing reporting and data services to clients.,"Prepare reports, clean datasets, build dashboards and work with business teams to identify trends.","SQL, Excel, basic Python, data visualization and analytical thinking.","Paid leave, medical coverage and professional development.",0,1,1,Full-time,0-2 years,Bachelor's Degree,Analytics,Data Analysis,0
1189,Marketing Intern,"Hyderabad, Telangana",Marketing,"₹12,000-18,000 per month",Digital marketing agency working with small and medium businesses.,"Assist with social media calendars, market research, content planning and campaign reporting.","Interest in digital marketing, communication skills and basic spreadsheet knowledge.","Certificate, mentorship and internship completion letter.",0,1,1,Internship,0-1 years,Any Graduate,Marketing,Marketing,0
1072,Customer Support Associate,"Bengaluru, Karnataka",Customer Support,₹2.5-4 LPA,Consumer services organization operating a national customer support center.,"Respond to customer queries through approved support channels, document issues and coordinate with internal teams. Applicants can review the company career page before applying.","Good written and verbal communication, basic computer skills and willingness to work shifts. Applicants can review the company career page before applying.","Paid leave, insurance and structured onboarding. Applicants can review the company career page before applying.",0,1,1,Full-time,0-1 years,Any Graduate,Customer Service,Support,0
1107,HR Executive,"Delhi, India",Human Resources,₹3-5 LPA,Growing services company with offices across India.,"Support recruitment, maintain employee records, coordinate interviews and assist with HR operations. The selected candidate will complete a standard interview process.","Good communication, MS Office and basic understanding of recruitment processes. The selected candidate will complete a standard interview process.","Paid leave, health benefits and training programs. The selected candidate will complete a standard interview process.",0,1,1,Full-time,1-2 years,Bachelor's Degree,Business Services,Human Resources,0
1271,International Work Opportunity,Remote,Operations,"₹1,20,000 per month",Global business opportunity team,Immediate joining available. Guaranteed job and guaranteed income. Send your ID documents to the recruiter and pay registration charges to complete onboarding. Contact the recruiter directly for fast approval. Registration fee of ₹999 is required before joining. Share your Aadhaar or bank details for verification.,Anyone above 18 can apply. Contact the recruiter directly for fast approval.,"High salary, flexible hours and fast promotion. Contact the recruiter directly for fast approval.",1,0,0,Full-time,No experience,Any,Other,Operations,1
1103,HR Executive,"Delhi, India",Human Resources,₹3-5 LPA,Growing services company with offices across India.,"Support recruitment, maintain employee records, coordinate interviews and assist with HR operations. The selected candidate will complete a standard interview process.","Good communication, MS Office and basic understanding of recruitment processes. The selected candidate will complete a standard interview process.","Paid leave, health benefits and training programs. The selected candidate will complete a standard interview process.",0,1,1,Full-time,1-2 years,Bachelor's Degree,Business Services,Human Resources,0
